frame,t_sec,mean_mag,max_mag,moving_frac,dominant_dir_deg,divergence,cam_tx,cam_ty,cam_rot_deg,cam_scale,n_objects,object_area_frac,residual_mean,n_tracks,low_texture_frac
1,0.03333,0.33643,1.46147,0.00446,333.40086,0.00236,0.0,0.0,0.0,1.0,1,0.00326,0.33643,200,0.05977
2,0.06666,0.36672,1.58432,0.01008,343.54968,0.00209,-0.1499,-0.44788,0.01297,1.00088,1,0.00988,0.27542,200,0.05766
3,0.09999,0.36902,1.3867,0.01942,353.29291,0.00243,-0.13874,-0.40858,0.0026,1.00111,1,0.01029,0.28579,199,0.05886
4,0.13332,0.36298,1.70505,0.03073,1.69531,0.00309,-0.10336,-0.4323,0.00725,1.00119,1,0.02059,0.29579,198,0.05837
5,0.16665,0.40401,1.76939,0.04355,354.1224,0.00294,0.05274,-0.41567,0.01186,1.00068,1,0.0274,0.34119,197,0.05735
6,0.19997,0.40198,1.85966,0.04036,355.65258,0.00292,0.02797,-0.45181,0.02731,1.0007,1,0.03508,0.35178,196,0.05847
7,0.2333,0.44177,2.00273,0.06516,344.48187,0.00284,0.04919,-0.54174,0.03305,1.001,3,0.05453,0.37469,196,0.05908
8,0.26663,0.45785,2.15308,0.08974,344.60871,0.00251,0.06706,-0.39061,-0.01642,1.00074,2,0.03545,0.4192,195,0.05883
9,0.29996,0.47811,2.54945,0.10874,341.37748,0.00308,0.01949,-0.33313,-0.00455,1.00051,2,0.0725,0.41217,194,0.05846
10,0.33329,0.54949,2.73245,0.13621,336.70714,0.00376,0.08572,-0.68996,0.04588,1.00126,2,0.07785,0.45976,192,0.05789
11,0.36662,0.60507,3.05548,0.15224,341.97412,0.0039,0.11172,-0.57184,0.01943,1.00073,3,0.09681,0.48965,190,0.05923
12,0.39995,0.54966,3.27372,0.14209,358.12336,0.00555,0.25815,-0.78482,0.0848,1.00142,2,0.09557,0.53481,189,0.0579
13,0.43328,0.48831,3.59148,0.129,8.17079,0.00555,0.14574,-0.51618,0.06357,1.00124,2,0.13507,0.46849,186,0.05821
14,0.46661,0.52544,3.1603,0.12565,4.84577,0.00527,0.16946,-0.74264,0.08327,1.00161,2,0.10896,0.4974,183,0.05941
15,0.49994,0.55045,3.30471,0.13379,1.27918,0.00508,0.22754,-0.70673,0.0733,1.00125,2,0.1002,0.50655,182,0.05862
16,0.53327,0.50438,3.22321,0.12791,2.85024,0.00476,0.24394,-0.55338,0.06619,1.00088,2,0.106,0.492,182,0.05781
17,0.5666,0.49662,3.02715,0.12252,3.97595,0.00493,-0.02824,-0.30025,-0.02264,1.00088,3,0.09922,0.45044,180,0.05826
18,0.59992,0.53995,2.94851,0.12316,1.36405,0.00511,0.12856,-0.69828,0.05443,1.00135,2,0.0943,0.47604,178,0.05789
19,0.63325,0.50448,2.93291,0.11384,2.53059,0.00433,0.14687,-0.57362,0.03571,1.00099,2,0.08465,0.46412,176,0.05672
20,0.66658,0.49362,3.2166,0.10608,5.43177,0.00452,0.00373,-0.54198,0.02054,1.00118,2,0.09242,0.43308,172,0.05732
21,0.69991,0.52914,2.8414,0.11623,0.33075,0.00545,-0.01371,-0.82856,0.05338,1.00203,2,0.086,0.44925,169,0.05717
22,0.73324,0.52558,3.08602,0.11563,357.59262,0.00438,0.04935,-0.74383,0.05019,1.00146,2,0.08652,0.46246,168,0.05663
23,0.76657,0.52105,2.97034,0.11855,357.11935,0.00539,-0.02446,-0.82991,0.06158,1.00193,2,0.09645,0.46876,162,0.0573
24,0.7999,0.53738,3.16277,0.12511,356.24463,0.00507,-0.05004,-0.67627,0.01962,1.00164,2,0.09369,0.44153,162,0.05624
25,0.83323,0.53478,3.31579,0.12953,357.13629,0.00476,0.05367,-0.81941,0.05664,1.00167,1,0.08732,0.49481,162,0.05669
26,0.86656,0.53958,3.38951,0.1278,358.42962,0.00554,0.02677,-0.78179,0.05215,1.00174,1,0.09554,0.47607,162,0.0564
27,0.89989,0.51958,3.29444,0.11769,1.61719,0.00473,-0.0692,-0.63163,0.01287,1.00175,1,0.09006,0.41757,160,0.05674
28,0.93322,0.51331,3.35253,0.10891,1.92032,0.00486,-0.0521,-0.69782,0.01285,1.00185,1,0.08195,0.43035,159,0.05594
29,0.96655,0.53912,3.16195,0.11576,358.04208,0.00482,-0.06026,-0.86462,0.04591,1.00206,1,0.08734,0.44664,157,0.05516
30,0.99987,0.58864,3.37512,0.13394,352.10375,0.00569,-0.06202,-1.02144,0.05472,1.00261,1,0.07914,0.47257,155,0.05485
31,1.0332,0.60332,3.59138,0.13914,352.24155,0.0052,-0.07913,-0.78076,0.00644,1.00208,1,0.08818,0.44335,155,0.0531
32,1.06653,0.60717,4.2458,0.1503,351.48787,0.00534,-0.05113,-0.96529,0.04845,1.00232,1,0.10063,0.49701,153,0.05501
33,1.09986,0.65386,3.84282,0.16951,344.53727,0.00524,-0.06828,-0.86925,0.01107,1.00219,1,0.08222,0.48124,150,0.05352
34,1.13319,0.67035,4.06032,0.17703,341.30062,0.00508,-0.01721,-1.07297,0.04653,1.00258,1,0.07375,0.5335,149,0.05412
35,1.16652,0.66819,4.16699,0.17144,340.93782,0.00489,-0.02494,-1.10106,0.0553,1.0026,1,0.07483,0.55151,148,0.05401
36,1.19985,0.65159,3.93264,0.16554,341.81376,0.00545,-0.04197,-1.03809,0.02686,1.00246,1,0.06445,0.5109,200,0.05381
37,1.23318,0.61479,3.49739,0.14823,347.95625,0.0056,-0.18223,-0.83699,0.00069,1.00249,2,0.08894,0.42484,198,0.0531
38,1.26651,0.58054,3.51873,0.14307,359.95569,0.00594,-0.19695,-0.84678,0.01754,1.00272,2,0.10073,0.42487,198,0.05285
39,1.29984,0.55945,5.41153,0.1484,10.90916,0.00635,-0.15895,-0.7038,0.00476,1.00253,2,0.1085,0.42441,195,0.05202
40,1.33317,0.60005,4.382,0.17461,18.72349,0.00662,-0.12513,-0.7029,0.00067,1.00266,2,0.11981,0.44344,194,0.05231
41,1.3665,0.60664,4.40769,0.18122,22.06372,0.00657,0.10962,-0.8762,0.07757,1.00233,2,0.15036,0.53603,193,0.05177
42,1.39982,0.64936,4.52627,0.18372,17.65287,0.00686,0.20463,-0.90231,0.0761,1.00224,1,0.13669,0.55445,190,0.05118
43,1.43315,0.62487,4.41149,0.18189,14.87133,0.00608,0.31044,-0.92602,0.09156,1.00171,1,0.13512,0.60274,189,0.05263
44,1.46648,0.59353,4.58445,0.18252,11.54404,0.00607,-0.04294,-0.33976,-0.03674,1.00147,2,0.11616,0.44007,188,0.0504
45,1.49981,0.61853,4.58628,0.20267,8.55991,0.00716,0.18325,-1.06508,0.10423,1.00304,1,0.13956,0.5788,187,0.05042
46,1.53314,0.62698,5.01994,0.20049,8.07327,0.00676,0.11722,-0.72195,0.02026,1.00248,2,0.14897,0.49132,181,0.05036
47,1.56647,0.66493,4.82631,0.20289,7.10195,0.00668,0.29845,-0.97626,0.09023,1.00255,2,0.14182,0.59408,178,0.0506
48,1.5998,0.70116,5.07348,0.20187,7.17666,0.00711,0.24295,-0.92827,0.06841,1.00255,2,0.14743,0.56451,177,0.05022
49,1.63313,0.69383,4.95375,0.20279,6.90036,0.007,0.24199,-0.88238,0.06862,1.0024,2,0.15463,0.56837,175,0.04912
50,1.66646,0.73113,5.32366,0.20068,3.49352,0.00723,0.33549,-0.96942,0.07574,1.00245,1,0.1293,0.59455,174,0.05017
51,1.69979,0.77928,5.2722,0.20277,357.95526,0.00615,0.2957,-0.84506,0.04767,1.00207,2,0.14802,0.58023,170,0.0506
52,1.73312,0.75195,5.09378,0.19801,357.08131,0.00613,0.40128,-1.07125,0.0979,1.00246,1,0.13376,0.65936,168,0.05
53,1.76645,0.81122,4.91868,0.20485,355.65744,0.00597,0.3846,-0.93629,0.06337,1.00226,2,0.13743,0.61107,165,0.04985
54,1.79977,0.82877,5.57251,0.20662,354.18643,0.00617,0.24677,-0.83511,0.02815,1.00225,2,0.15068,0.5915,164,0.04964
55,1.8331,0.87991,6.63178,0.2156,354.1392,0.00632,0.40265,-0.8956,0.04688,1.00222,2,0.14061,0.63917,162,0.05191
56,1.86643,0.90845,6.13445,0.22011,354.65355,0.00632,0.33729,-0.9543,0.05722,1.00244,2,0.15244,0.67728,154,0.05153
57,1.89976,0.97889,7.09411,0.23108,354.50276,0.00671,0.42983,-0.94913,0.04806,1.00243,2,0.1503,0.69943,151,0.0528
58,1.93309,0.98558,8.57138,0.22686,359.88625,0.00795,0.44991,-0.94599,0.05759,1.00276,2,0.15186,0.72236,147,0.0521
59,1.96642,0.98593,6.50614,0.22578,3.44502,0.00805,0.47106,-0.99829,0.08345,1.00266,2,0.15477,0.75868,145,0.05333
60,1.99975,0.95532,7.15811,0.22253,9.09919,0.00855,0.37712,-0.70077,0.03036,1.00224,2,0.15741,0.64381,143,0.05357
61,2.03308,0.92752,6.94968,0.21506,12.2396,0.00919,0.38572,-0.86089,0.06614,1.00265,2,0.15626,0.68421,200,0.0535
62,2.06641,0.89858,6.21336,0.20499,16.76195,0.00885,0.42576,-0.77447,0.06781,1.00241,1,0.15183,0.64589,198,0.05292
63,2.09974,0.89059,6.5867,0.2039,17.81183,0.00832,0.4165,-0.75221,0.05906,1.00227,1,0.15009,0.6233,193,0.05294
64,2.13307,0.77465,6.14979,0.17919,22.8301,0.00833,0.39197,-0.77968,0.0745,1.00226,1,0.147,0.61571,190,0.05198
65,2.1664,0.72083,5.52562,0.17585,24.40763,0.00756,0.358,-0.85937,0.09124,1.00252,1,0.14847,0.61958,186,0.05266
66,2.19972,0.71192,5.6526,0.17028,20.37918,0.00746,0.23992,-0.76113,0.05859,1.00238,1,0.14439,0.52803,181,0.05265
67,2.23305,0.70835,5.67929,0.17286,16.535,0.0073,0.13103,-0.63206,0.02807,1.00226,1,0.1416,0.49056,179,0.05269
68,2.26638,0.76187,7.63298,0.17698,13.70178,0.00787,0.26816,-0.78967,0.05311,1.00242,2,0.14771,0.55573,174,0.05199
69,2.29971,0.75002,5.63479,0.18133,13.24301,0.00749,0.28038,-0.81637,0.06616,1.00258,1,0.14472,0.57785,172,0.05209
70,2.33304,0.75769,6.2366,0.18156,13.04817,0.00739,0.27503,-0.72495,0.04481,1.00238,1,0.14126,0.53883,169,0.05123
71,2.36637,0.7299,5.78732,0.17517,12.37508,0.0071,0.33892,-0.9597,0.08253,1.00252,1,0.13352,0.62601,168,0.05228
72,2.3997,0.70724,5.31623,0.17131,12.70207,0.00751,0.17999,-0.76202,0.03671,1.00243,2,0.13811,0.49788,165,0.05291
73,2.43303,0.7361,5.21003,0.17286,11.25907,0.00808,0.07166,-0.83333,0.0296,1.00281,1,0.12684,0.46513,161,0.05376
74,2.46636,0.72078,5.51295,0.1698,11.87988,0.00844,0.15088,-0.91421,0.04383,1.00285,1,0.12545,0.48118,158,0.05281
75,2.49969,0.68448,6.37181,0.15309,12.62933,0.00824,0.11555,-0.86144,0.04462,1.0026,1,0.12355,0.47935,158,0.05238
76,2.53302,0.66667,4.96989,0.14978,12.14493,0.00754,0.01561,-0.66776,0.00218,1.00229,1,0.11356,0.42035,157,0.05055
77,2.56635,0.66266,5.94771,0.14276,13.23152,0.00748,0.05353,-0.85633,0.03866,1.00266,1,0.12057,0.46077,153,0.05202
78,2.59967,0.64085,5.09802,0.14549,11.25387,0.0071,-0.03477,-0.73587,0.0094,1.00258,1,0.11461,0.43374,149,0.05125
79,2.633,0.63407,5.62925,0.13445,10.38535,0.00657,-0.02031,-0.70426,0.01286,1.00227,1,0.11713,0.45462,147,0.05117
80,2.66633,0.56833,5.58578,0.12453,14.28091,0.00622,-0.03352,-0.54228,-0.00149,1.00183,1,0.11208,0.41816,144,0.05162
81,2.69966,0.60103,5.11667,0.13435,17.4144,0.00615,0.01484,-0.63544,0.02215,1.00209,1,0.12455,0.45196,200,0.05237
82,2.73299,0.62776,5.58953,0.14315,23.83394,0.00732,-0.04926,-0.59334,-0.00077,1.00251,1,0.1264,0.45213,200,0.05297
83,2.76632,0.7143,6.41553,0.15173,29.95467,0.00791,0.06728,-0.44309,0.0129,1.00235,1,0.13285,0.49337,197,0.05104
84,2.79965,0.80109,6.96563,0.16638,38.74691,0.00911,0.03289,-0.41373,0.0114,1.00275,2,0.14535,0.54999,193,0.05099
85,2.83298,0.79712,6.13195,0.16292,41.82732,0.00803,0.08713,-0.43551,0.02104,1.00279,2,0.14719,0.56069,187,0.05073
86,2.86631,0.76049,6.91891,0.15702,41.50046,0.00836,0.08666,-0.35375,0.02397,1.00229,2,0.14342,0.54912,186,0.04935
87,2.89964,0.73293,7.06058,0.14718,38.93489,0.00837,0.08328,-0.38374,0.03373,1.00234,2,0.13926,0.54942,183,0.04835
88,2.93297,0.69959,6.25984,0.13886,34.07625,0.00731,0.17553,-0.32827,0.0287,1.00182,1,0.12954,0.52737,181,0.0481
89,2.9663,0.63233,7.19125,0.13404,29.56191,0.00678,0.1574,-0.29823,0.02647,1.00165,1,0.12869,0.49091,179,0.04709
90,2.99962,0.63245,6.15737,0.13337,25.46668,0.00649,0.23754,-0.41031,0.0439,1.00146,1,0.12877,0.5067,177,0.0471
91,3.03295,0.62866,5.73371,0.1293,19.69094,0.0057,0.17496,-0.29876,-0.00169,1.0012,1,0.12459,0.45066,174,0.04792
92,3.06628,0.60465,7.32936,0.12987,19.18906,0.00531,0.19467,-0.26319,0.01027,1.00104,1,0.12608,0.48201,173,0.04671
93,3.09961,0.67996,6.17656,0.13235,19.30699,0.00544,0.23581,-0.31596,0.02887,1.00147,1,0.12756,0.53583,168,0.04875
94,3.13294,0.6984,7.78481,0.13379,17.43181,0.00554,0.31591,-0.36121,0.04392,1.00135,1,0.12848,0.55112,166,0.0482
95,3.16627,0.68473,8.31725,0.13533,17.13591,0.00597,0.17139,-0.27022,0.00411,1.00147,1,0.12731,0.51676,164,0.0482
96,3.1996,0.74022,6.68867,0.13661,15.45097,0.00488,0.30327,-0.25762,0.01595,1.00115,1,0.12845,0.57027,162,0.04746
97,3.23293,0.73858,6.68856,0.13819,14.39363,0.00526,0.26817,-0.22877,0.00603,1.00131,1,0.1284,0.58802,159,0.04769
98,3.26626,0.76892,7.54832,0.14153,12.59152,0.00559,0.25439,-0.37134,0.02922,1.00161,1,0.13047,0.59877,159,0.04806
99,3.29959,0.77939,8.35396,0.13782,12.18576,0.00472,0.33499,-0.12321,0.00391,1.00096,1,0.12821,0.61773,159,0.04959
100,3.33292,0.77834,7.21171,0.1344,15.32757,0.00527,0.25173,-0.13932,0.02482,1.00118,2,0.13603,0.63301,156,0.04839
101,3.36625,0.77884,6.90134,0.14016,15.47329,0.00592,0.27988,-0.23842,0.0101,1.00152,1,0.12756,0.60854,154,0.04933
102,3.39957,0.76635,8.21644,0.13481,16.03417,0.00616,0.28211,-0.24638,0.03077,1.00141,1,0.12752,0.62069,151,0.04849
103,3.4329,0.84155,7.05978,0.1423,18.51963,0.00582,0.37186,-0.14535,0.01488,1.00118,2,0.1308,0.65163,147,0.04894
104,3.46623,0.84177,7.31311,0.13739,22.51715,0.00671,0.36204,-0.20743,0.03255,1.00139,1,0.12527,0.64908,146,0.04925
105,3.49956,0.79519,7.84912,0.13569,24.623,0.00682,0.32377,-0.1804,0.02137,1.00119,1,0.12527,0.63655,142,0.05011
106,3.53289,0.79237,7.03163,0.13614,27.04426,0.00688,0.25699,-0.13189,0.02941,1.00142,2,0.12967,0.60882,200,0.04837
107,3.56622,0.73036,7.55517,0.12794,25.88099,0.00682,0.05667,-0.12837,-0.00481,1.00176,2,0.12819,0.54554,196,0.04836
108,3.59955,0.70262,6.58643,0.12911,21.30037,0.00608,0.00912,-0.24868,-0.01066,1.00201,1,0.11811,0.51949,194,0.04983
109,3.63288,0.7365,8.56753,0.12643,18.28975,0.00617,0.17882,-0.15726,0.00516,1.0015,2,0.12084,0.55923,193,0.04973
110,3.66621,0.775,6.87571,0.12826,19.33053,0.00495,0.2607,-0.16068,0.01036,1.00165,2,0.1215,0.56011,190,0.04917
111,3.69954,0.74234,10.09683,0.12305,21.25158,0.00616,0.26073,-0.16528,0.01969,1.0013,1,0.11609,0.56887,188,0.05031
112,3.73287,0.73231,7.22322,0.12804,23.48987,0.00641,0.14073,-0.13278,-0.01232,1.0017,2,0.12039,0.52743,180,0.05032
113,3.7662,0.67148,6.34449,0.11971,24.71227,0.00613,0.16704,-0.20435,0.02076,1.00164,1,0.11235,0.5043,177,0.04984
114,3.79952,0.64104,7.44818,0.1175,24.76046,0.00563,0.02676,-0.17342,-0.00449,1.00198,1,0.10963,0.4562,174,0.05068
115,3.83285,0.61086,7.25823,0.11362,23.55873,0.00538,0.07538,-0.21047,0.00188,1.00171,1,0.10773,0.45955,172,0.05067
116,3.86618,0.55293,5.88219,0.11114,20.73198,0.00473,0.02979,-0.26495,0.00171,1.00163,1,0.10728,0.42903,171,0.05099
117,3.89951,0.56091,5.71533,0.11059,19.49339,0.00441,0.0469,-0.24347,-0.00214,1.00159,1,0.10616,0.43692,170,0.05081
118,3.93284,0.53626,6.2354,0.10977,18.03566,0.00439,0.00207,-0.2058,-0.01526,1.0014,1,0.10451,0.42157,169,0.05247
119,3.96617,0.55113,5.83306,0.11003,20.19826,0.00554,-0.05293,-0.25343,-0.01965,1.00177,1,0.10358,0.41434,169,0.0518
120,3.9995,0.54919,5.93864,0.10997,22.08752,0.00564,-0.04487,-0.26587,-0.01673,1.00179,1,0.10167,0.40878,167,0.0525
121,4.03283,0.48357,5.68236,0.10498,21.27911,0.00493,-0.03912,-0.18963,-0.00715,1.00142,1,0.10041,0.38051,165,0.05243
122,4.06616,0.46584,5.40518,0.10021,25.5552,0.00366,-0.15792,-0.06677,-0.02129,1.00115,1,0.09748,0.37934,163,0.056
123,4.09949,0.50941,5.36339,0.10413,30.76411,0.00488,-0.20278,-0.24743,-0.01515,1.00213,1,0.09779,0.34321,161,0.05123
124,4.13282,0.69514,5.41927,0.1439,35.06685,0.00656,-0.2178,-0.22582,-0.03611,1.00305,2,0.11826,0.3896,159,0.0521
125,4.16615,0.67402,5.56218,0.12062,36.1334,0.00626,-0.10257,-0.20911,-0.01746,1.00246,3,0.10878,0.42774,157,0.05073
126,4.19947,0.74711,6.2511,0.15162,41.86416,0.00714,-0.15727,-0.20456,-0.02009,1.00297,3,0.11395,0.45308,156,0.04864
127,4.2328,0.78015,6.21178,0.14217,40.78173,0.00698,-0.00363,-0.13386,-0.01043,1.0025,2,0.11917,0.48709,153,0.04796
128,4.26613,0.73304,6.02754,0.13151,37.03969,0.00745,0.03233,-0.1291,-0.00869,1.00219,2,0.10818,0.48151,153,0.04693
129,4.29946,0.71292,5.63226,0.11667,36.14114,0.00695,0.07649,-0.09074,0.00053,1.00195,2,0.09992,0.45579,151,0.04618
130,4.33279,0.67223,5.7455,0.10933,34.38659,0.00695,0.00835,-0.16894,-0.00677,1.00227,1,0.08642,0.42879,149,0.0454
131,4.36612,0.62542,5.46221,0.1002,29.42593,0.00666,0.03232,-0.1432,-0.01434,1.00186,1,0.08396,0.41433,200,0.04732
132,4.39945,0.62047,5.54547,0.09644,30.26182,0.00623,0.00016,-0.16333,-0.00573,1.00203,1,0.08292,0.40171,196,0.04537
133,4.43278,0.5842,5.49002,0.09252,29.83542,0.00612,0.03648,-0.16693,-0.00607,1.00182,2,0.08352,0.40355,195,0.04578
134,4.46611,0.54581,5.23305,0.0868,28.03255,0.00544,0.06748,-0.16678,0.00546,1.00151,2,0.08011,0.38341,193,0.04669
135,4.49944,0.52356,5.08047,0.08643,27.11517,0.0053,-0.00271,-0.18927,-0.00236,1.00175,2,0.07942,0.36644,190,0.04712
136,4.53277,0.52234,5.1143,0.07987,23.89215,0.00507,0.0498,-0.19246,-0.00239,1.00171,2,0.07544,0.36013,189,0.04684
137,4.5661,0.49082,5.42521,0.07395,19.33106,0.00427,0.07234,-0.2337,0.00315,1.00153,1,0.06993,0.35481,188,0.04711
138,4.59942,0.47428,5.01588,0.07243,17.12483,0.00417,0.09841,-0.20642,0.00035,1.00127,1,0.06895,0.35143,187,0.04731
139,4.63275,0.46998,4.88776,0.07257,15.91206,0.00395,0.03049,-0.18106,-0.00907,1.00148,2,0.07133,0.33439,184,0.04752
140,4.66608,0.44672,4.97566,0.06954,12.10883,0.00293,0.07881,-0.19012,0.00331,1.00114,1,0.06813,0.3429,182,0.04714
141,4.69941,0.46717,5.04375,0.07195,11.96519,0.00321,0.06162,-0.14621,-0.0081,1.00122,2,0.07278,0.34936,181,0.04711
142,4.73274,0.45304,5.188,0.0698,11.41156,0.00324,0.1074,-0.15479,0.00358,1.00106,2,0.07112,0.3573,180,0.0472
143,4.76607,0.44047,5.10135,0.0695,12.72532,0.00318,0.05132,-0.15921,0.01141,1.00123,2,0.07056,0.3572,180,0.04873
144,4.7994,0.45375,5.01104,0.06948,14.53211,0.00368,0.02842,-0.20176,0.00422,1.00141,2,0.07099,0.34412,179,0.04912
145,4.83273,0.47097,5.14385,0.06796,15.77644,0.00399,0.13424,-0.16637,-0.00057,1.00098,1,0.0672,0.35743,178,0.04884
146,4.86606,0.52246,5.59906,0.07256,19.59331,0.00449,0.21852,-0.08305,0.0081,1.00092,2,0.07206,0.38171,173,0.04838
147,4.89939,0.55703,5.51111,0.07862,25.6165,0.00485,0.16889,-0.05154,0.01632,1.00124,2,0.07648,0.39783,171,0.0482
148,4.93272,0.52237,5.38314,0.07929,28.54675,0.00556,0.09482,-0.10939,0.00375,1.0015,2,0.07397,0.36832,169,0.04676
149,4.96605,0.45677,4.96472,0.07059,26.45952,0.00432,0.13235,-0.09933,0.01651,1.00095,2,0.06997,0.35807,166,0.04631
150,4.99937,0.42377,4.46483,0.06788,25.76682,0.00419,0.06716,-0.1525,0.02165,1.00118,2,0.06737,0.32901,165,0.04583
151,5.0327,0.39865,4.30914,0.06393,24.16555,0.00448,-0.03641,-0.23214,0.01373,1.00136,2,0.06356,0.30145,164,0.04549
152,5.06603,0.35085,4.20562,0.05859,21.56509,0.00397,-0.0129,-0.15602,0.01366,1.00106,1,0.05702,0.27677,162,0.04675
153,5.09936,0.34657,4.07745,0.0589,22.94616,0.00399,-0.051,-0.20614,0.01801,1.00117,1,0.05609,0.27327,160,0.04634
154,5.13269,0.3343,3.85935,0.05535,22.08275,0.00374,-0.11461,-0.22141,0.01466,1.00127,1,0.05421,0.24861,157,0.04654
155,5.16602,0.33582,4.02948,0.05376,21.66416,0.00383,-0.12103,-0.25041,0.01455,1.00132,1,0.0524,0.25211,157,0.04559
156,5.19935,0.35564,3.61747,0.05536,22.96503,0.00423,-0.09984,-0.27367,0.01296,1.00138,2,0.0549,0.26719,156,0.04473
157,5.23268,0.33025,3.53729,0.05331,23.03016,0.00361,-0.12488,-0.2113,0.00763,1.00123,1,0.04985,0.24613,156,0.04374
158,5.26601,0.31478,3.47766,0.04996,23.34533,0.00359,-0.23882,-0.19187,-0.00416,1.00133,1,0.04768,0.21825,155,0.04497
159,5.29934,0.30355,3.41689,0.0495,23.92748,0.00355,-0.14483,-0.21505,0.00728,1.00112,1,0.0478,0.22659,155,0.04383
160,5.33267,0.31442,3.09077,0.042,25.22474,0.00388,-0.24097,-0.21199,0.00269,1.00122,1,0.0431,0.19922,155,0.04343
161,5.366,0.28222,2.90633,0.03824,23.05181,0.00284,-0.22648,-0.16652,-0.00022,1.00091,1,0.04138,0.18566,154,0.04377
162,5.39932,0.29643,2.86011,0.0345,23.75875,0.00336,-0.24562,-0.19729,-0.00081,1.00099,1,0.03818,0.18069,154,0.04358
163,5.43265,0.33841,2.59843,0.03154,25.79086,0.00364,-0.35628,-0.26707,-0.00256,1.00134,1,0.03485,0.17088,153,0.04444
164,5.46598,0.32508,2.30411,0.0286,24.09407,0.00338,-0.35474,-0.2911,-0.00702,1.00124,2,0.03272,0.15416,153,0.04256
165,5.49931,0.35333,2.28686,0.02754,25.51888,0.00325,-0.37219,-0.25272,-0.00551,1.00106,1,0.02606,0.16526,153,0.04196
166,5.53264,0.37168,2.18139,0.0236,26.08551,0.00288,-0.40038,-0.22429,-0.00924,1.00097,1,0.02318,0.15612,153,0.04232
167,5.56597,0.38688,1.93606,0.02602,30.51893,0.00367,-0.49418,-0.31973,-0.01226,1.00143,1,0.02549,0.14942,150,0.04188
168,5.5993,0.36695,2.17244,0.02529,30.36075,0.00354,-0.44389,-0.30758,-0.00312,1.00139,1,0.02675,0.1498,150,0.04301
169,5.63263,0.37131,2.28548,0.02787,37.16211,0.00407,-0.3745,-0.29284,0.00468,1.00126,1,0.03002,0.15695,150,0.04219
170,5.66596,0.36286,2.39971,0.03248,42.48509,0.0041,-0.36898,-0.28058,0.00292,1.00129,1,0.03297,0.16204,149,0.04157
171,5.69929,0.37109,2.71369,0.03862,51.01709,0.00395,-0.31586,-0.22965,0.01215,1.00122,1,0.03956,0.18329,200,0.04234
172,5.73262,0.39552,2.79298,0.04349,59.68327,0.00441,-0.289,-0.23836,0.02507,1.00111,1,0.04045,0.19546,197,0.04185
173,5.76595,0.48456,2.70271,0.05585,86.55082,0.00408,-0.44151,-0.09359,-0.00368,1.00108,1,0.03403,0.21387,196,0.04158
174,5.79927,0.52843,2.19157,0.05959,100.95917,0.00368,-0.44395,-0.04614,0.00695,1.00093,1,0.03331,0.2172,196,0.03978
175,5.8326,0.43236,2.03976,0.03298,69.55519,0.00355,-0.36918,-0.20383,0.0129,1.00103,1,0.0291,0.18949,194,0.04038
176,5.86593,0.31279,2.50289,0.02302,35.59138,0.00377,-0.31094,-0.32698,0.00276,1.00134,1,0.0272,0.13901,193,0.04033
177,5.89926,0.26307,2.25741,0.02464,23.98073,0.00299,-0.23929,-0.28349,0.00362,1.00108,1,0.02676,0.13317,193,0.03952
178,5.93259,0.27263,2.42515,0.02587,26.17882,0.00314,-0.27634,-0.28554,0.00185,1.00119,1,0.02711,0.13503,191,0.03911
179,5.96592,0.28639,2.3794,0.02571,30.53346,0.00306,-0.25665,-0.29927,0.01254,1.00127,1,0.02766,0.1474,190,0.0386
180,5.99925,0.29838,2.32481,0.02396,30.11913,0.00337,-0.2505,-0.2681,0.00791,1.00102,1,0.02604,0.14658,189,0.04017
181,6.03258,0.29405,2.30036,0.02223,25.94138,0.0029,-0.29455,-0.26586,-0.00069,1.0011,1,0.02503,0.13419,187,0.03997
182,6.06591,0.29058,2.12248,0.02146,19.72263,0.00296,-0.25494,-0.27428,-0.00374,1.0009,1,0.022,0.14201,186,0.03983
183,6.09924,0.30422,2.06691,0.01973,17.95809,0.00234,-0.28238,-0.25853,-0.00486,1.00086,1,0.02302,0.14711,184,0.04017
184,6.13257,0.29425,2.04001,0.01937,16.51498,0.00267,-0.28063,-0.26436,-0.00196,1.00095,1,0.02283,0.13512,184,0.03989
185,6.1659,0.28663,2.22484,0.02155,12.11386,0.00217,-0.25647,-0.19369,-0.01099,1.0007,1,0.02275,0.15457,184,0.04126
186,6.19922,0.29012,2.33184,0.02248,8.00757,0.00163,-0.20187,-0.19164,-0.00164,1.00056,1,0.02363,0.16336,184,0.03997
187,6.23255,0.37529,2.42089,0.02247,3.43146,0.00188,-0.33014,-0.23547,-0.01321,1.00077,1,0.02374,0.18871,184,0.03879
188,6.26588,0.38242,2.56174,0.02479,2.44595,0.00169,-0.36537,-0.29626,-0.00678,1.00097,1,0.0244,0.17562,184,0.03983
189,6.29921,0.38712,2.7688,0.0242,359.10299,0.00153,-0.36449,-0.31459,-0.01714,1.00091,1,0.02508,0.18519,184,0.03983
190,6.33254,0.32349,2.82501,0.02392,5.10176,0.0018,-0.2802,-0.25673,0.00037,1.0009,1,0.02544,0.17233,183,0.0398
191,6.36587,0.3477,3.06573,0.02461,6.43866,0.00237,-0.28569,-0.36081,0.00644,1.00119,1,0.02651,0.16659,183,0.04044
192,6.3992,0.30092,3.25117,0.02567,4.99914,0.00202,-0.17257,-0.3488,0.00246,1.00094,1,0.02673,0.16984,182,0.042
193,6.43253,0.23464,3.45974,0.02608,11.0978,0.00244,-0.07392,-0.28909,0.0149,1.00095,1,0.02708,0.1591,182,0.04184
194,6.46586,0.22441,3.24622,0.02598,18.33857,0.00291,-0.06027,-0.21765,0.01402,1.00073,1,0.0269,0.16037,182,0.0417
195,6.49919,0.24738,2.97932,0.02544,25.27872,0.0036,-0.10737,-0.23099,0.01866,1.00089,1,0.02627,0.15705,182,0.04214
196,6.53252,0.29846,2.74026,0.02439,28.00731,0.00396,-0.18189,-0.31832,0.02353,1.00124,1,0.02516,0.15558,182,0.04286
197,6.56585,0.2679,2.70421,0.02315,21.5537,0.00324,-0.13594,-0.25973,0.02152,1.00092,1,0.02429,0.14996,181,0.04239
198,6.59917,0.25649,3.1537,0.02191,14.97706,0.00339,-0.15755,-0.32196,0.01207,1.001,1,0.02298,0.13578,180,0.04306
199,6.6325,0.22353,3.0743,0.02147,12.31906,0.00295,-0.08547,-0.25938,0.00946,1.00077,1,0.02243,0.13728,178,0.04334
200,6.66583,0.24886,2.49461,0.02078,14.08637,0.00345,-0.1211,-0.31387,0.01135,1.001,1,0.02135,0.13802,178,0.0447
201,6.69916,0.27253,2.04219,0.01945,15.95998,0.00353,-0.20421,-0.38468,0.01184,1.00122,1,0.02119,0.13132,178,0.04395
202,6.73249,0.31005,1.89947,0.01579,14.19127,0.00344,-0.25409,-0.39886,0.00959,1.00123,1,0.01993,0.13298,178,0.04464
203,6.76582,0.33512,1.8403,0.01356,14.10552,0.00344,-0.33103,-0.42024,0.00048,1.00134,1,0.01741,0.13528,178,0.04439
204,6.79915,0.34354,1.92177,0.01325,13.14065,0.00365,-0.39958,-0.49154,0.00179,1.0017,1,0.0198,0.13262,178,0.0443
205,6.83248,0.34929,2.11102,0.01472,8.62313,0.0033,-0.3068,-0.45422,-0.00019,1.0014,1,0.0198,0.14451,178,0.04584
206,6.86581,0.35068,2.18353,0.01539,5.64176,0.00314,-0.26574,-0.47513,0.00217,1.0014,1,0.01964,0.14797,177,0.04666
207,6.89914,0.37584,1.97236,0.01433,5.22047,0.00349,-0.27296,-0.48514,0.00614,1.00145,1,0.01948,0.16773,176,0.04631
208,6.93247,0.41933,1.97864,0.01786,12.15479,0.00322,-0.2911,-0.51764,-0.00616,1.00136,2,0.02522,0.16996,176,0.04674
209,6.9658,0.41289,1.92411,0.01364,11.86255,0.0031,-0.34125,-0.46849,-0.00915,1.00133,1,0.01444,0.16908,176,0.04748
210,6.99912,0.45187,1.82821,0.01704,21.73695,0.00339,-0.39638,-0.5125,-0.00579,1.00137,2,0.01696,0.16392,176,0.04773
211,7.03245,0.43752,1.85175,0.01242,20.12055,0.00339,-0.42055,-0.48685,-0.00867,1.00142,2,0.01253,0.15799,176,0.04798
212,7.06578,0.39035,1.80613,0.01131,24.69681,0.00426,-0.41328,-0.50321,0.00432,1.00179,1,0.01431,0.13191,176,0.04823
213,7.09911,0.34857,2.1416,0.01148,23.10906,0.00427,-0.33014,-0.47356,0.00868,1.00157,1,0.01551,0.12711,173,0.04907
214,7.13244,0.34421,2.29238,0.01375,29.44341,0.00427,-0.35857,-0.47553,0.00172,1.00175,1,0.01606,0.13011,172,0.04799
215,7.16577,0.32842,2.40017,0.01413,33.63662,0.00433,-0.32247,-0.46467,0.00457,1.00167,1,0.01617,0.13381,172,0.04826
216,7.1991,0.34972,2.40217,0.01517,41.17985,0.00435,-0.35617,-0.44718,0.00419,1.00161,1,0.0181,0.13914,171,0.04779
217,7.23243,0.36091,2.29897,0.0134,44.09926,0.00409,-0.36627,-0.42011,0.00196,1.00147,1,0.01658,0.14143,171,0.04722
218,7.26576,0.37535,2.30091,0.01299,45.52082,0.00409,-0.42345,-0.39785,0.00459,1.00161,1,0.01398,0.13331,171,0.04569
219,7.29909,0.33829,2.08133,0.00999,37.24457,0.00374,-0.41345,-0.43687,0.00437,1.00164,1,0.01137,0.11783,171,0.04646
220,7.33242,0.28994,2.14028,0.00807,30.02986,0.00371,-0.27923,-0.4405,0.01314,1.00157,1,0.0097,0.10578,170,0.04585
221,7.36575,0.28429,2.42502,0.00772,20.99168,0.00291,-0.2322,-0.31998,0.00611,1.00105,1,0.00905,0.13538,170,0.04498
222,7.39907,0.29033,2.63787,0.00739,22.69693,0.00342,-0.22649,-0.40895,0.00752,1.00123,1,0.00925,0.11845,170,0.04439
223,7.4324,0.3126,2.75108,0.00665,22.24934,0.0036,-0.28987,-0.43571,-0.00188,1.0014,1,0.00845,0.13637,170,0.04469
224,7.46573,0.31638,2.19545,0.00577,23.39608,0.00324,-0.25545,-0.44438,0.00398,1.00143,1,0.00761,0.13755,167,0.0459
225,7.49906,0.31252,1.88478,0.00507,17.65694,0.00315,-0.23376,-0.44696,-0.00142,1.0013,1,0.00504,0.13297,166,0.04587
226,7.53239,0.30093,1.68558,0.00441,18.27188,0.00297,-0.30783,-0.43045,-0.00416,1.00141,1,0.00609,0.12514,166,0.04556
227,7.56572,0.31425,1.76325,0.00375,17.59534,0.00327,-0.31533,-0.45775,-0.00258,1.00155,1,0.00458,0.12619,165,0.04541
228,7.59905,0.26167,1.85073,0.0045,18.1351,0.00257,-0.27302,-0.35903,0.00422,1.00133,1,0.00445,0.10765,165,0.04718
229,7.63238,0.30928,2.15148,0.00392,17.95693,0.00338,-0.30955,-0.42268,0.00217,1.00153,1,0.00581,0.11714,164,0.04646
230,7.66571,0.26807,2.40225,0.00525,5.74468,0.00238,-0.23679,-0.41126,-0.00512,1.00125,1,0.0073,0.11733,164,0.0461
231,7.69904,0.25959,2.29755,0.00552,5.00769,0.0021,-0.24871,-0.30325,-0.00915,1.00114,1,0.00788,0.14104,164,0.04768
232,7.73237,0.26445,2.81492,0.00677,1.54528,0.00249,-0.14137,-0.37573,0.00666,1.00118,1,0.00992,0.12402,164,0.04796
233,7.7657,0.31694,2.5995,0.00698,356.12444,0.00233,-0.05796,-0.37343,-0.00277,1.00098,1,0.00912,0.14834,162,0.04916
234,7.79902,0.2798,2.77833,0.00777,358.86286,0.00203,-0.06049,-0.36103,-0.00294,1.00113,1,0.01041,0.13882,162,0.0499
235,7.83235,0.28216,2.86724,0.0078,1.33012,0.00209,0.01094,-0.31061,-0.00052,1.00096,1,0.00998,0.14138,161,0.05079
236,7.86568,0.2656,3.07,0.00862,3.82495,0.00175,0.03959,-0.24206,-0.01129,1.00086,1,0.01031,0.13585,161,0.05134
237,7.89901,0.27294,3.01976,0.00856,7.40586,0.00216,0.09906,-0.23926,-0.00093,1.00081,1,0.00911,0.14461,160,0.05182
238,7.93234,0.23379,2.80956,0.00862,11.16856,0.00185,0.12804,-0.22069,0.01349,1.00062,1,0.01063,0.12717,160,0.05095
239,7.96567,0.23835,2.43258,0.00776,18.80797,0.00286,-0.05056,-0.28464,0.00901,1.00108,1,0.00893,0.12705,160,0.05012
240,7.999,0.23101,2.45307,0.00663,22.51222,0.00272,-0.18684,-0.28257,0.00511,1.00123,1,0.00798,0.1159,159,0.05064
241,8.03233,0.24691,2.37052,0.00778,24.35846,0.00269,-0.1324,-0.29122,0.01692,1.00131,1,0.01078,0.11549,159,0.0506
242,8.06566,0.22649,2.47787,0.00714,21.58622,0.00282,-0.09381,-0.31936,0.01666,1.00115,1,0.0065,0.11096,159,0.05054
243,8.09899,0.23184,2.55013,0.00693,23.55689,0.00282,-0.13089,-0.32581,0.01284,1.00126,1,0.00984,0.10414,159,0.0517
244,8.13232,0.26313,2.51748,0.00795,25.6073,0.00325,-0.09345,-0.33054,0.01451,1.00144,1,0.01039,0.11925,158,0.04952
245,8.16564,0.23403,2.28182,0.00679,22.96563,0.00296,-0.0861,-0.31327,0.00811,1.00129,1,0.00866,0.10611,158,0.04925
246,8.19897,0.25344,2.71718,0.0072,23.49863,0.00318,-0.10822,-0.30455,0.00177,1.00135,1,0.00876,0.11959,157,0.04988
247,8.2323,0.26694,2.73296,0.00663,22.1507,0.00354,-0.16128,-0.30833,-0.00799,1.00145,1,0.00804,0.12312,156,0.05013
248,8.26563,0.27584,1.92529,0.00629,23.64928,0.00327,-0.11849,-0.25808,-0.00846,1.00133,1,0.00664,0.14578,156,0.05129
249,8.29896,0.25751,2.48777,0.00647,18.6917,0.00336,-0.16202,-0.29539,-0.01262,1.00142,1,0.00708,0.12302,156,0.05152
250,8.33229,0.24425,1.81006,0.00561,18.12224,0.00274,-0.20908,-0.31775,-0.01242,1.00137,1,0.00669,0.11624,156,0.05263
251,8.36562,0.19566,2.20696,0.00596,11.54438,0.00216,-0.13399,-0.20455,-0.01834,1.00088,1,0.00588,0.11043,156,0.05154
252,8.39895,0.2326,2.0282,0.00566,12.03614,0.0025,-0.13795,-0.23716,-0.01946,1.001,1,0.00533,0.12495,155,0.05231
253,8.43228,0.20388,1.90445,0.00592,1.91166,0.00125,-0.10564,-0.16154,-0.02345,1.00053,1,0.00555,0.12327,155,0.05277
254,8.46561,0.17891,1.79781,0.00565,5.32345,0.00167,-0.10439,-0.1334,-0.01209,1.00061,1,0.00566,0.12184,155,0.05288
255,8.49894,0.25088,1.7785,0.00578,9.92419,0.00332,-0.13153,-0.27345,-0.01285,1.00135,1,0.00541,0.1155,155,0.0536
256,8.53227,0.27269,2.34345,0.00652,17.12289,0.00355,-0.09721,-0.29746,-0.01329,1.00162,1,0.0058,0.11748,154,0.05387
257,8.56559,0.27742,2.16636,0.00779,23.32151,0.00345,0.02832,-0.20552,0.00741,1.00131,1,0.00742,0.13105,153,0.05414
258,8.59892,0.28587,2.25373,0.00987,31.40564,0.00428,-0.01461,-0.24434,0.01563,1.00142,1,0.00795,0.13729,152,0.05422
259,8.63225,0.25023,2.21673,0.00912,34.88152,0.00369,-0.01337,-0.20289,0.00889,1.00124,1,0.00765,0.1154,151,0.0528
260,8.66558,0.25286,1.9945,0.0081,38.72239,0.00345,-0.02607,-0.17632,0.00587,1.0012,1,0.00666,0.12845,150,0.05397
261,8.69891,0.2249,2.41667,0.00619,29.15051,0.00328,0.0471,-0.14072,0.01749,1.001,1,0.00596,0.11002,200,0.05316
262,8.73224,0.28679,2.39718,0.00657,26.09495,0.00347,0.1635,-0.19959,0.02291,1.00114,1,0.00581,0.12848,199,0.05295
263,8.76557,0.25781,2.18192,0.00605,24.1171,0.00294,0.12341,-0.13956,0.01346,1.00097,0,0.0,0.13152,198,0.05431
264,8.7989,0.26405,2.22316,0.00382,24.82416,0.00286,0.20557,-0.18535,0.0254,1.00088,0,0.0,0.1212,198,0.05369
265,8.83223,0.25274,2.46989,0.00376,23.25474,0.0026,0.16485,-0.16656,0.0162,1.00084,0,0.0,0.12284,198,0.05488
266,8.86556,0.24391,2.04642,0.00257,18.38363,0.00218,0.21866,-0.15871,0.02153,1.00072,0,0.0,0.11813,195,0.05535
267,8.89889,0.20497,2.28814,0.00247,12.29851,0.0017,0.23072,-0.07677,0.01782,1.00028,0,0.0,0.10691,194,0.0554
268,8.93222,0.22532,1.96074,0.00182,11.51449,0.00235,0.21808,-0.11641,0.02899,1.00051,0,0.0,0.12924,191,0.05579
269,8.96554,0.23183,2.0345,0.00192,11.55837,0.00213,0.18003,-0.12351,0.01396,1.0006,0,0.0,0.11367,190,0.05561
270,8.99887,0.22161,1.79331,0.00107,10.22843,0.00186,0.25155,-0.04143,0.02461,1.00025,0,0.0,0.12389,188,0.05609
271,9.0322,0.20313,2.28406,0.00131,6.22663,0.00179,0.1851,-0.09526,0.02003,1.0005,0,0.0,0.12114,187,0.05705
272,9.06553,0.17478,2.1018,0.00107,1.88914,0.0014,0.15659,-0.05372,0.0081,1.00026,0,0.0,0.1099,186,0.05783
273,9.09886,0.18596,1.92022,0.00184,1.95289,0.00143,0.18495,-0.0908,0.01471,1.00037,0,0.0,0.11919,185,0.05696
274,9.13219,0.21705,2.2721,0.00203,354.33099,0.00144,0.14578,-0.10578,-0.00187,1.00029,0,0.0,0.10225,183,0.05741
275,9.16552,0.16496,2.37771,0.00218,359.24942,0.0013,0.12345,-0.06968,0.0089,1.00029,0,0.0,0.11537,182,0.05906
276,9.19885,0.24389,2.71482,0.00254,355.89151,0.00198,0.13885,-0.19785,0.00395,1.00067,0,0.0,0.10352,181,0.05937
277,9.23218,0.26334,2.56056,0.00281,357.46013,0.00132,0.27695,-0.09193,0.0076,1.00028,0,0.0,0.11786,180,0.06023
278,9.26551,0.2621,2.67804,0.00297,3.33606,0.00157,0.28365,-0.06911,0.01022,1.00023,0,0.0,0.11103,178,0.06033
279,9.29884,0.25701,3.09555,0.00254,13.64477,0.00237,0.22257,-0.09511,0.01416,1.00058,0,0.0,0.11536,177,0.06017
280,9.33217,0.25741,2.17089,0.00229,17.78107,0.00211,0.2946,-0.10075,0.02997,1.00049,0,0.0,0.12999,176,0.05989
281,9.36549,0.22081,2.17672,0.00118,8.72614,0.00259,0.12859,-0.15253,0.0188,1.00076,0,0.0,0.11715,176,0.06059
282,9.39882,0.18919,3.07415,0.00108,5.37798,0.00221,0.08131,-0.13436,0.01569,1.00069,0,0.0,0.09916,176,0.06099
283,9.43215,0.18452,1.45468,0.00075,8.11799,0.0017,0.21259,-0.09361,0.02006,1.0003,0,0.0,0.10107,175,0.06195
284,9.46548,0.20632,1.76395,0.00079,11.61373,0.00196,0.11938,-0.15292,0.00753,1.00069,0,0.0,0.10395,175,0.06348
285,9.49881,0.20225,2.41665,0.00105,9.39889,0.0021,0.13209,-0.15221,0.00992,1.0006,0,0.0,0.09351,174,0.06292
286,9.53214,0.20586,1.97906,0.001,9.04742,0.0022,0.12102,-0.16247,0.01145,1.00064,0,0.0,0.09381,174,0.0639
287,9.56547,0.20512,1.7199,0.00083,4.79283,0.00206,0.10106,-0.19402,0.01347,1.00074,0,0.0,0.09985,173,0.06261
288,9.5988,0.20354,1.67381,0.00058,339.49252,0.00235,0.01202,-0.22562,0.0023,1.00096,0,0.0,0.09085,172,0.06397
289,9.63213,0.23026,1.63211,0.00095,300.55698,0.0027,-0.01832,-0.25271,-0.00019,1.00096,0,0.0,0.1095,172,0.06433
290,9.66546,0.2116,1.51352,0.00032,308.86824,0.00218,-0.00804,-0.23907,0.0012,1.00083,0,0.0,0.10117,172,0.06545
291,9.69879,0.21549,1.37366,0.00039,303.53068,0.0021,-0.02678,-0.24335,-0.00277,1.00083,0,0.0,0.10383,172,0.0653
292,9.73212,0.20487,1.41052,0.00033,284.59255,0.00165,0.00434,-0.20367,-0.00804,1.00066,0,0.0,0.10039,170,0.06684
293,9.76544,0.23174,2.36036,0.00042,256.15588,0.00251,-0.07675,-0.27167,-0.01379,1.00104,0,0.0,0.10905,170,0.06658
294,9.79877,0.27477,1.55051,0.00036,285.58055,0.00222,-0.00346,-0.31685,-0.00553,1.00093,0,0.0,0.11009,170,0.06752
295,9.8321,0.29206,1.53175,0.00035,322.97141,0.00171,-0.06689,-0.28382,-0.02544,1.0007,0,0.0,0.12625,169,0.06704
296,9.86543,0.28796,1.50626,0.00051,263.15239,0.00212,-0.16248,-0.30009,-0.02557,1.00097,0,0.0,0.14634,168,0.06823
297,9.89876,0.24814,2.13061,0.00157,265.19954,0.00175,-0.16913,-0.29674,-0.02466,1.00091,0,0.0,0.12385,168,0.06958
298,9.93209,0.22507,1.64068,0.0009,260.97673,0.00242,-0.16681,-0.27865,-0.00808,1.0011,0,0.0,0.1071,168,0.06948
299,9.96542,0.25722,1.3617,0.00065,263.38253,0.00285,-0.10082,-0.34046,-0.00847,1.00123,0,0.0,0.11082,168,0.06979
300,9.99875,0.20587,1.80238,0.00123,268.87688,0.00211,-0.05845,-0.30291,-0.00158,1.00102,0,0.0,0.09044,168,0.06945
301,10.03208,0.18472,2.09097,0.00117,267.18253,0.00231,0.00171,-0.22337,0.01285,1.00078,0,0.0,0.09806,166,0.0698
302,10.06541,0.21175,1.72907,0.00103,273.41707,0.00266,-0.06134,-0.26097,0.00072,1.00101,0,0.0,0.10167,166,0.0693
303,10.09874,0.18057,1.9159,0.00074,246.14094,0.00259,-0.08455,-0.1649,0.00118,1.00077,0,0.0,0.11018,165,0.0692
304,10.13207,0.21583,2.89175,0.00153,257.46436,0.00282,-0.20432,-0.27884,-0.01266,1.00126,0,0.0,0.10841,164,0.07066
305,10.16539,0.2047,2.16214,0.00092,255.48791,0.00248,-0.10738,-0.22009,-0.01267,1.00094,0,0.0,0.11071,164,0.07105
306,10.19872,0.22739,1.76594,0.00052,243.01072,0.00265,-0.05728,-0.2631,-0.00799,1.001,0,0.0,0.10215,164,0.07173
307,10.23205,0.23551,1.66585,0.00031,234.9434,0.00251,0.0071,-0.29846,0.00468,1.00103,0,0.0,0.10043,164,0.07179
308,10.26538,0.23528,2.13017,0.00066,265.82431,0.00275,0.00264,-0.26714,-0.00718,1.00099,0,0.0,0.10575,161,0.07241
309,10.29871,0.22346,1.97756,0.00098,264.57257,0.00268,-0.05277,-0.25472,-0.00972,1.00096,0,0.0,0.11058,161,0.07248
310,10.33204,0.23155,1.77832,0.00118,262.39419,0.0022,-0.08963,-0.23913,-0.01377,1.0008,0,0.0,0.12012,161,0.07449
311,10.36537,0.21674,1.95118,0.00054,263.90386,0.00181,-0.07811,-0.2085,-0.01495,1.00066,0,0.0,0.1094,161,0.07407
312,10.3987,0.24794,2.60289,0.00116,263.13541,0.00187,-0.15324,-0.2907,-0.02249,1.00088,0,0.0,0.1208,160,0.07513
313,10.43203,0.24814,2.34191,0.00161,263.42013,0.00167,-0.1386,-0.22672,-0.02732,1.00056,0,0.0,0.11794,159,0.07423
314,10.46536,0.22083,2.51056,0.00257,261.96841,0.00127,-0.15322,-0.17239,-0.02591,1.00051,0,0.0,0.12587,159,0.0747
315,10.49869,0.28004,2.95918,0.0025,262.3213,0.00126,-0.25801,-0.29201,-0.02904,1.00075,0,0.0,0.1216,159,0.075
316,10.53202,0.31572,2.28116,0.00183,257.94891,0.00129,-0.26174,-0.22536,-0.03161,1.00043,0,0.0,0.13484,159,0.0752
317,10.56534,0.32247,2.4545,0.00222,120.33217,0.00204,-0.39055,-0.27818,-0.03586,1.00088,0,0.0,0.13213,159,0.0754
318,10.59867,0.33303,1.78881,0.00214,234.1681,0.00153,-0.31598,-0.23519,-0.03263,1.00045,0,0.0,0.12943,159,0.07573
319,10.632,0.30042,2.22863,0.00176,114.52728,0.00171,-0.33322,-0.3378,-0.03424,1.00106,0,0.0,0.12783,159,0.0761
320,10.66533,0.19511,6.14838,0.00157,267.87557,0.0017,-0.28356,-0.22647,-0.03988,1.00093,0,0.0,0.11056,159,0.07657
321,10.69866,0.20041,3.20197,0.00208,264.51587,0.00188,-0.10729,-0.16881,-0.01831,1.00086,0,0.0,0.1189,158,0.07651
322,10.73199,0.18142,2.42202,0.00204,263.95844,0.00175,-0.04135,-0.1149,-0.01628,1.00061,0,0.0,0.10749,157,0.07702
323,10.76532,0.19744,5.20202,0.0014,271.41819,0.00148,0.01849,-0.13983,-0.00852,1.00053,0,0.0,0.11215,157,0.07617
324,10.79865,0.2025,3.32689,0.00206,269.04378,0.00195,-0.04806,-0.14617,-0.01826,1.00074,0,0.0,0.11629,156,0.07615
325,10.83198,0.2304,4.08442,0.00267,269.08137,0.00231,-0.11689,-0.18387,-0.02759,1.00102,0,0.0,0.12635,156,0.07732
326,10.86531,0.17047,5.88536,0.00358,267.61213,0.00141,-0.11229,-0.14435,-0.01604,1.00071,1,0.00346,0.10784,156,0.07734
327,10.89864,0.15968,3.71468,0.00357,257.62644,0.0015,-0.12009,-0.12779,-0.01222,1.00072,0,0.0,0.09995,155,0.07743
328,10.93197,0.15379,3.47617,0.00436,258.21617,0.00181,-0.09348,-0.12815,-0.01338,1.00062,1,0.0036,0.09832,155,0.07769
329,10.96529,0.16819,4.38677,0.00574,258.03037,0.00181,-0.11647,-0.14414,-0.01409,1.00067,1,0.00577,0.10722,155,0.07866
330,10.99862,0.18658,3.60011,0.00487,255.12622,0.00235,-0.15442,-0.13056,-0.0265,1.00076,1,0.00439,0.12043,155,0.079
331,11.03195,0.1945,4.1577,0.00369,263.20193,0.00195,-0.21813,-0.18271,-0.0282,1.00084,0,0.0,0.11457,155,0.07882
332,11.06528,0.20078,4.06208,0.00355,265.083,0.00199,-0.23637,-0.21639,-0.02626,1.00091,1,0.00314,0.09871,155,0.07983
333,11.09861,0.21656,3.89087,0.00319,266.83787,0.00105,-0.23462,-0.17495,-0.03588,1.0006,1,0.00308,0.11678,154,0.07994
334,11.13194,0.24698,3.94133,0.00335,265.71329,0.00184,-0.21402,-0.2196,-0.03202,1.00074,1,0.00316,0.1194,154,0.07856
335,11.16527,0.24986,3.80718,0.0033,264.74342,0.00178,-0.22435,-0.25228,-0.03191,1.00081,0,0.0,0.11042,152,0.07913
336,11.1986,0.2734,3.82501,0.00302,266.34483,0.00122,-0.23502,-0.22722,-0.04201,1.00063,0,0.0,0.12015,152,0.07935
337,11.23193,0.26078,3.86494,0.00256,265.71475,0.00167,-0.25641,-0.23865,-0.04552,1.00079,0,0.0,0.11968,152,0.07989
338,11.26526,0.28465,4.62408,0.00304,265.14826,0.00206,-0.30111,-0.2597,-0.04285,1.00096,0,0.0,0.13889,152,0.07891
339,11.29859,0.30905,3.42893,0.00276,263.75081,0.00155,-0.22374,-0.26689,-0.04178,1.00065,0,0.0,0.11879,152,0.07944
340,11.33192,0.31972,5.81899,0.00256,258.88157,0.00167,-0.33717,-0.25787,-0.04364,1.00077,0,0.0,0.13269,151,0.0783
341,11.36524,0.31714,5.5768,0.002,259.12397,0.00165,-0.45873,-0.19153,-0.0513,1.00075,0,0.0,0.12707,151,0.07867
342,11.39857,0.27282,2.83832,0.00134,233.69314,0.00285,-0.37671,-0.31116,-0.04706,1.00127,0,0.0,0.10634,151,0.07814
343,11.4319,0.22547,2.37817,0.00064,245.14635,0.00231,-0.238,-0.22325,-0.03745,1.00096,0,0.0,0.10171,151,0.07901
344,11.46523,0.18174,2.98585,0.00035,177.39382,0.00196,-0.3671,-0.19349,-0.04932,1.00103,0,0.0,0.09397,151,0.07816
345,11.49856,0.17745,2.65384,0.00039,178.68874,0.00189,-0.2736,-0.06698,-0.03024,1.00067,0,0.0,0.09802,150,0.07834
346,11.53189,0.22795,0.9787,0.0,0.0,0.00194,-0.29911,-0.01727,-0.02406,1.00074,0,0.0,0.10709,150,0.07741
347,11.56522,0.30789,3.19948,0.00206,176.01585,0.00233,-0.39928,-0.00906,-0.02816,1.00083,0,0.0,0.11275,150,0.07879
348,11.59855,0.25876,3.15992,0.0008,168.62526,0.00216,-0.28136,0.00532,-0.01976,1.00074,0,0.0,0.11345,150,0.07818
349,11.63188,0.17661,2.30129,0.00036,184.10791,0.00197,-0.29229,0.00356,-0.03708,1.00062,0,0.0,0.08716,150,0.07843
350,11.66521,0.17238,3.11594,0.00151,190.99558,0.00195,-0.17542,0.0082,-0.02637,1.00059,0,0.0,0.10231,150,0.07829
351,11.69854,0.18492,5.74712,0.00113,177.21768,0.00263,-0.1832,0.06965,-0.03401,1.00048,0,0.0,0.09648,150,0.07821
352,11.73187,0.24169,2.71398,0.0004,182.51646,0.00173,-0.19475,0.10808,-0.02415,1.00041,0,0.0,0.11904,149,0.07884
353,11.76519,0.22995,2.32534,0.00088,182.32219,0.00165,-0.21135,0.11366,-0.02523,1.00034,0,0.0,0.11461,149,0.07785
354,11.79852,0.24326,2.54363,0.00094,162.19664,0.00106,-0.19302,0.18435,-0.02629,1.00007,0,0.0,0.12191,149,0.07873
355,11.83185,0.23792,2.2333,0.00122,147.63961,0.00063,-0.22533,0.18114,-0.02935,0.99997,0,0.0,0.12243,149,0.07824
356,11.86518,0.27445,1.4918,0.00031,231.34191,0.00026,-0.31252,0.17049,-0.0373,0.99993,0,0.0,0.12522,200,0.07829
357,11.89851,0.36197,1.90817,0.00285,140.45884,0.00022,-0.39397,0.16587,-0.03538,0.99989,0,0.0,0.1355,200,0.07848
358,11.93184,0.49856,3.81549,0.00491,187.81302,-0.00034,-0.62023,0.0923,-0.04783,0.9999,0,0.0,0.14257,199,0.07653
359,11.96517,0.63543,9.91,0.02175,199.5969,-0.00141,-0.7191,0.12276,-0.04594,0.99961,0,0.0,0.15578,197,0.07507
360,11.9985,0.75643,17.67038,0.04482,209.47575,-0.00192,-0.78354,0.11912,-0.03184,0.99963,1,0.005,0.1779,197,0.07502
361,12.03183,0.8382,18.94217,0.07087,220.7044,-0.0018,-0.89182,-0.0378,-0.0357,0.99976,1,0.00627,0.19864,197,0.07145
362,12.06516,0.69768,11.63439,0.02269,220.61828,-0.0013,-0.7932,-0.06086,-0.04528,0.99969,1,0.003,0.15499,197,0.07258
363,12.09849,0.5596,3.41515,0.00904,193.13716,-0.00148,-0.56102,0.0427,-0.02443,0.99956,0,0.0,0.1494,196,0.07051
364,12.13182,0.58279,2.25807,0.00677,188.06725,-0.0016,-0.58478,0.05781,-0.02127,0.9995,0,0.0,0.135,196,0.06845
365,12.16514,0.32493,2.70575,0.00103,211.73815,-0.00051,-0.32008,-0.05069,-0.02267,0.99987,0,0.0,0.11606,196,0.0659
366,12.19847,0.20953,2.38471,0.00027,190.87445,0.00064,-0.06322,-0.1015,-0.01893,0.99998,0,0.0,0.11,196,0.06425
367,12.2318,0.29024,2.35856,0.00121,198.10523,0.00166,-0.13613,-0.26894,-0.02577,1.0005,0,0.0,0.11558,195,0.06584
368,12.26513,0.2664,2.05832,0.00019,219.93287,0.00117,-0.07705,-0.18796,-0.02804,1.00028,0,0.0,0.11318,195,0.06647
369,12.29846,0.3166,1.79971,0.00077,236.76101,0.00154,-0.07565,-0.25057,-0.03289,1.00055,0,0.0,0.12915,195,0.06647
370,12.33179,0.3065,2.02329,0.00114,218.08545,0.00155,-0.00813,-0.19153,-0.032,1.00028,0,0.0,0.10968,195,0.06621
371,12.36512,0.32894,2.00699,0.00045,266.03836,0.00165,0.00776,-0.2175,-0.03217,1.00034,0,0.0,0.11664,194,0.06653
372,12.39845,0.36884,1.77221,0.00031,267.86545,0.00178,0.08883,-0.14595,-0.03957,1.00025,0,0.0,0.11959,194,0.06847
373,12.43178,0.36945,1.39724,8e-05,265.34392,0.0017,0.04234,-0.15711,-0.04826,1.00036,0,0.0,0.12117,194,0.06759
374,12.46511,0.39655,1.68016,0.00026,205.59654,0.00193,0.07776,-0.21818,-0.03875,1.00054,0,0.0,0.11947,194,0.06757
375,12.49844,0.40998,1.61462,0.00011,270.46576,0.00161,0.0281,-0.15487,-0.061,1.00033,0,0.0,0.13349,194,0.06743
376,12.53177,0.40571,1.29804,4e-05,197.94162,0.0016,0.08058,-0.14198,-0.05157,1.00019,0,0.0,0.12518,194,0.06942
377,12.56509,0.39145,1.49672,0.0001,196.57721,0.00136,0.0604,-0.12276,-0.05336,1.00012,0,0.0,0.12141,194,0.06821
378,12.59842,0.43011,1.83345,0.00017,189.72989,0.00188,0.07247,-0.20988,-0.0512,1.00041,0,0.0,0.12193,193,0.06962
379,12.63175,0.38789,1.65725,0.00027,279.23237,0.00168,-0.0137,-0.16975,-0.06048,1.0004,0,0.0,0.12664,193,0.06977
380,12.66508,0.3703,1.30236,6e-05,309.74405,0.00149,0.00504,-0.16561,-0.05236,1.00035,0,0.0,0.12026,193,0.06843
381,12.69841,0.38112,1.85924,0.00086,191.39831,0.00196,0.02815,-0.23052,-0.0389,1.00044,0,0.0,0.11852,193,0.07022
382,12.73174,0.33332,1.55641,0.00016,249.20594,0.00119,-0.04603,-0.13148,-0.05624,1.0001,0,0.0,0.12252,193,0.06876
383,12.76507,0.33451,1.51314,0.00026,264.64324,0.00114,-0.08975,-0.22509,-0.04367,1.00043,0,0.0,0.12061,193,0.07045
384,12.7984,0.31136,1.50788,0.00094,205.88585,0.00134,-0.09343,-0.22955,-0.03899,1.00035,0,0.0,0.10752,193,0.07012
385,12.83173,0.25306,1.62721,0.00036,221.12561,0.002,-0.22767,-0.22109,-0.04698,1.00075,0,0.0,0.11146,193,0.06993
386,12.86506,0.26264,1.39217,0.00031,260.84291,0.00169,-0.11564,-0.21721,-0.0363,1.00073,0,0.0,0.10621,192,0.0701
387,12.89839,0.24599,1.57924,0.00042,262.07879,0.00133,-0.09466,-0.2036,-0.03267,1.00054,0,0.0,0.09273,192,0.07033
388,12.93172,0.18913,1.89306,0.00076,241.30017,0.00142,-0.11587,-0.19708,-0.0258,1.00059,0,0.0,0.09053,191,0.07075
389,12.96504,0.14257,2.05733,0.00106,234.12052,0.00145,-0.16094,-0.0975,-0.02353,1.00046,0,0.0,0.08965,191,0.07022
390,12.99837,0.17942,2.17747,0.00241,152.39088,0.00164,-0.25614,-0.11433,-0.02231,1.00058,0,0.0,0.09212,191,0.06952
391,13.0317,0.23547,2.76276,0.00278,128.36915,0.00138,-0.32214,-0.06068,-0.0215,1.00061,0,0.0,0.10553,191,0.06863
392,13.06503,0.16822,2.59508,0.0021,127.01087,0.00109,-0.23096,-0.08001,-0.01976,1.00047,0,0.0,0.08418,191,0.06794
393,13.09836,0.19142,2.56248,0.00432,185.81556,0.00129,-0.2513,-0.13193,-0.02272,1.00051,0,0.0,0.09704,190,0.06783
394,13.13169,0.14919,2.50766,0.00196,260.61902,0.00149,-0.14877,-0.14065,-0.02066,1.00046,0,0.0,0.07818,187,0.06819
395,13.16502,0.12607,1.5668,0.00021,165.81396,0.00141,-0.0977,-0.09029,-0.01452,1.00043,0,0.0,0.08168,187,0.06777
396,13.19835,0.1145,1.53509,0.00049,262.66623,0.00149,-0.10077,-0.11257,-0.00809,1.00056,0,0.0,0.0689,186,0.0675
397,13.23168,0.12828,2.24366,0.00095,259.1378,0.00171,-0.08794,-0.09811,-0.0148,1.00047,0,0.0,0.0847,186,0.06751
398,13.26501,0.12287,2.85793,0.00182,224.22487,0.00156,-0.05046,-0.08235,-0.00473,1.00021,0,0.0,0.09083,185,0.06769
399,13.29834,0.14803,2.32362,0.00097,242.78749,0.00106,-0.05565,-0.08899,-0.00306,1.00009,0,0.0,0.09253,185,0.06686
400,13.33167,0.18986,1.8042,0.00092,259.47389,0.0005,-0.04132,-0.0951,-0.00369,0.99994,0,0.0,0.10302,185,0.06705
401,13.36499,0.24708,2.6885,0.00162,261.66718,0.00012,-0.01082,-0.07945,0.00217,0.99961,0,0.0,0.12468,185,0.0659
402,13.39832,0.24638,2.2911,0.00191,239.02304,0.00028,-0.00623,-0.07804,-0.00051,0.99955,0,0.0,0.11661,185,0.06462
403,13.43165,0.25627,2.10297,0.00092,259.76069,3e-05,0.01928,-0.0705,0.00347,0.99945,0,0.0,0.12291,185,0.06556
404,13.46498,0.24712,2.89693,0.00094,261.27502,-2e-05,-0.00154,-0.07642,0.00371,0.99953,0,0.0,0.11998,185,0.06555
405,13.49831,0.26405,3.27499,0.00504,225.90014,0.00075,-0.11462,-0.10811,0.00169,0.99991,0,0.0,0.12747,185,0.06426
406,13.53164,0.28569,2.29487,0.0047,210.06509,-1e-05,-0.07362,-0.06401,0.00959,0.99957,0,0.0,0.1249,185,0.06386
407,13.56497,0.2307,4.86396,0.00163,262.32856,0.00034,-0.08864,-0.0958,0.00949,0.99994,0,0.0,0.11461,185,0.06425
408,13.5983,0.1987,4.15969,0.00199,250.61816,0.00056,-0.03696,-0.08102,0.01825,0.9999,0,0.0,0.10038,184,0.0625
409,13.63163,0.13357,3.57825,0.00172,265.61052,-1e-05,0.09159,0.00439,0.02463,0.99959,0,0.0,0.08644,184,0.06321
410,13.66496,0.12338,4.19208,0.00142,263.46129,0.0001,0.07068,0.04374,0.02098,0.99968,0,0.0,0.09242,182,0.06305
411,13.69829,0.11602,3.57916,0.00179,259.84803,0.00011,0.10759,0.03887,0.02651,0.99971,0,0.0,0.08399,182,0.06328
412,13.73162,0.13875,2.54132,0.00085,257.52278,6e-05,0.09352,0.07502,0.0275,0.99969,0,0.0,0.09505,181,0.06261
413,13.76494,0.19214,4.8749,0.00206,250.82955,-0.00013,0.00697,0.05207,0.02614,0.9999,0,0.0,0.10339,181,0.06246
414,13.79827,0.19555,4.12909,0.00134,255.18299,-0.0,0.0047,0.04016,0.02989,0.99986,0,0.0,0.09801,180,0.0609
415,13.8316,0.18682,4.35953,0.00232,147.09238,0.00011,0.06485,0.07498,0.03488,0.99973,0,0.0,0.09941,180,0.06166
416,13.86493,0.20435,4.47341,0.003,217.61291,0.0002,0.00553,-0.00985,0.03446,0.99995,0,0.0,0.09761,180,0.06118
417,13.89826,0.17437,3.47221,0.00189,109.69464,0.00097,0.038,-0.02804,0.03406,1.0002,0,0.0,0.09369,180,0.06235
418,13.93159,0.19668,4.12773,0.00239,133.55467,0.00057,0.0188,0.01587,0.02987,0.99994,0,0.0,0.10827,180,0.06199
419,13.96492,0.19775,4.13978,0.00288,235.17102,0.00053,0.04832,0.01371,0.03596,0.99984,0,0.0,0.11441,180,0.06041
420,13.99825,0.24298,4.62628,0.00333,144.24033,0.00042,-0.03737,-0.05071,0.03599,0.99999,0,0.0,0.11481,180,0.05982
421,14.03158,0.28606,4.76445,0.00354,133.26798,0.00043,-0.07163,-0.07349,0.03874,1.00001,0,0.0,0.12055,180,0.05817
422,14.06491,0.26573,5.35494,0.00376,193.33137,0.00051,-0.09707,-0.14097,0.03359,1.00017,0,0.0,0.10558,180,0.05718
423,14.09824,0.27641,5.98602,0.00371,237.91192,2e-05,-0.0305,-0.07767,0.04397,0.99984,0,0.0,0.11299,180,0.05567
424,14.13157,0.27903,4.68598,0.00397,237.71363,0.00066,-0.07135,-0.17047,0.03752,1.00016,0,0.0,0.11416,180,0.05496
425,14.16489,0.23163,4.74801,0.00311,190.1001,-1e-05,0.02184,-0.13238,0.0397,0.99986,0,0.0,0.10507,180,0.05395
426,14.19822,0.25484,4.04621,0.00377,167.71922,0.00048,-0.02389,-0.18593,0.0411,1.00015,0,0.0,0.11283,180,0.05223
427,14.23155,0.26621,4.83137,0.0031,130.28443,0.00052,-0.03349,-0.22123,0.03992,1.00017,0,0.0,0.10772,177,0.05142
428,14.26488,0.29385,5.57465,0.00251,214.31021,0.00047,-0.0069,-0.20598,0.04254,0.99998,0,0.0,0.1272,177,0.05051
429,14.29821,0.34837,4.17898,0.00343,202.47735,0.00051,-0.06366,-0.20045,0.04119,0.99993,0,0.0,0.13996,176,0.05137
430,14.33154,0.37527,4.58095,0.0011,243.33866,-0.0001,-0.12697,-0.08257,0.03598,0.99954,0,0.0,0.13126,176,0.05016
431,14.36487,0.34171,1.80441,0.00069,229.20257,0.00141,-0.14605,-0.2086,0.0395,1.00028,0,0.0,0.12378,176,0.04867
432,14.3982,0.25051,1.79033,0.00017,141.92786,0.00114,0.03698,-0.20845,0.03787,1.00002,0,0.0,0.10968,176,0.04815
433,14.43153,0.18609,1.07941,8e-05,188.80145,0.00084,0.01947,-0.07514,0.03383,0.99988,0,0.0,0.09587,176,0.04818
434,14.46486,0.18289,1.05901,6e-05,186.88143,0.00122,0.04486,-0.04162,0.04027,1.00008,0,0.0,0.10049,176,0.0478
435,14.49819,0.21826,1.2029,0.0001,187.16347,0.00104,0.01555,-0.03074,0.0448,0.99999,0,0.0,0.095,176,0.04756
436,14.53152,0.26944,1.34934,0.00192,182.03383,0.00106,-0.04725,0.00943,0.03865,1.00004,0,0.0,0.11451,176,0.0475
437,14.56484,0.30213,2.10284,0.00108,200.94385,0.0008,-0.0834,0.04662,0.03657,0.99986,0,0.0,0.12285,176,0.04691
438,14.59817,0.23925,2.15059,0.00075,213.33146,0.00068,-0.07518,-0.06307,0.03242,1.00001,0,0.0,0.10243,176,0.04686
439,14.6315,0.17324,1.0233,9e-05,193.75954,0.0006,0.06148,-0.07355,0.03846,0.99984,0,0.0,0.0864,176,0.04695
440,14.66483,0.14225,1.20582,0.00046,179.11464,0.00062,0.10591,-0.04737,0.03289,0.99979,0,0.0,0.08911,176,0.04787
441,14.69816,0.12603,1.91074,0.00167,159.6624,0.0007,0.13473,-0.06117,0.03532,0.9998,0,0.0,0.07765,176,0.048
442,14.73149,0.13376,2.06821,0.00299,176.01424,0.00083,0.02742,-0.05263,0.02817,1.00002,0,0.0,0.08103,176,0.04855
443,14.76482,0.13721,1.59389,0.00182,165.99472,0.00058,0.05063,0.01512,0.02575,0.99975,0,0.0,0.08615,176,0.04765
444,14.79815,0.1335,1.34207,0.00083,150.01686,0.00046,0.08584,0.04663,0.02829,0.99963,0,0.0,0.0848,176,0.04748
445,14.83148,0.14081,1.35418,0.0005,141.44872,0.00035,0.0703,-0.00503,0.02903,0.99969,0,0.0,0.08296,176,0.04708
446,14.86481,0.14752,1.51729,0.00137,180.71466,-0.00012,0.12186,0.07497,0.02731,0.99932,0,0.0,0.097,176,0.04631
447,14.89814,0.17503,1.65908,0.00146,165.63476,-0.00023,0.11075,0.07307,0.02743,0.99922,0,0.0,0.11046,176,0.04571
448,14.93147,0.18591,2.25461,0.00241,172.24204,-0.00032,0.12452,0.01524,0.02711,0.99926,0,0.0,0.10617,176,0.04622
449,14.96479,0.21094,4.5412,0.00281,127.90432,-0.00074,0.18393,0.13036,0.0249,0.99876,0,0.0,0.12731,176,0.04644
450,14.99812,0.23258,3.35863,0.00342,164.63351,-0.0004,0.13943,0.02258,0.03263,0.99904,0,0.0,0.11823,176,0.04503
451,15.03145,0.26525,1.51203,0.00196,194.93569,-0.00103,0.182,0.00304,0.02743,0.99875,0,0.0,0.11881,174,0.04383
452,15.06478,0.21106,1.38734,0.00174,190.17397,-0.00034,0.05982,0.07361,0.02848,0.99921,0,0.0,0.10791,174,0.04306
453,15.09811,0.18921,1.44881,0.00118,184.05109,0.00024,-0.0187,0.08072,0.01923,0.99956,0,0.0,0.10128,173,0.04549
454,15.13144,0.19634,4.19971,0.00128,221.78174,0.00072,-0.05032,-0.01864,0.02242,0.99983,0,0.0,0.09136,173,0.04489
455,15.16477,0.16119,4.33379,0.001,243.73798,-0.0001,0.0631,0.07951,0.0243,0.99931,0,0.0,0.08525,173,0.04511
456,15.1981,0.13582,2.20042,0.00075,216.51093,0.00055,0.07259,0.06163,0.0247,0.99948,0,0.0,0.08838,172,0.04469
457,15.23143,0.11967,2.48692,0.00098,158.13343,-0.00026,0.08719,0.11824,0.01603,0.99931,0,0.0,0.07958,172,0.04463
458,15.26476,0.12952,1.7933,0.00184,189.94782,-0.00039,0.12164,0.13259,0.01356,0.99916,0,0.0,0.09417,172,0.04408
459,15.29809,0.15031,1.53988,0.00209,196.43254,-0.00033,0.09232,0.08684,0.01197,0.9992,0,0.0,0.10056,172,0.04449
460,15.33142,0.16884,1.46895,0.00266,189.72901,7e-05,0.00819,0.0236,0.01331,0.99951,0,0.0,0.08855,172,0.04408
461,15.36474,0.17015,2.54454,0.00369,174.34976,0.00035,0.00684,0.00509,0.01432,0.99958,0,0.0,0.09003,172,0.04461
462,15.39807,0.17512,2.11809,0.00446,185.72195,0.00041,-0.01919,0.02401,0.01306,0.99958,0,0.0,0.08886,172,0.04368
463,15.4314,0.1591,3.2392,0.00318,148.59309,0.00051,-0.01012,0.0519,0.00869,0.9995,0,0.0,0.08956,172,0.04298
464,15.46473,0.17597,3.76141,0.00283,181.33597,0.00027,-0.03207,0.01769,0.00419,0.99953,0,0.0,0.10007,172,0.04279
465,15.49806,0.21553,3.86976,0.00184,199.82595,0.00022,-0.02656,-0.02679,0.00767,0.99953,0,0.0,0.10499,172,0.04426
466,15.53139,0.23708,2.59731,0.00252,209.62036,-7e-05,-0.03463,-0.05464,0.01281,0.99963,0,0.0,0.10813,172,0.0432
467,15.56472,0.28669,2.34395,0.00171,243.32708,-7e-05,0.01087,-0.09734,0.02366,0.99952,0,0.0,0.12647,172,0.04157
468,15.59805,0.29743,2.56278,0.00175,302.88442,-0.00074,-0.02023,-0.0807,0.01265,0.99938,0,0.0,0.11941,168,0.04368
469,15.63138,0.31096,2.77672,0.00248,316.12611,-2e-05,-0.06581,-0.17516,0.01476,0.99982,0,0.0,0.12216,166,0.04729
470,15.66471,0.31914,3.33602,0.00247,336.24985,-0.00046,0.0318,-0.19179,0.022,0.9996,0,0.0,0.12189,164,0.04102
471,15.69804,0.35351,3.23779,0.00281,323.95713,-0.0005,0.09082,-0.16412,0.01866,0.99919,0,0.0,0.12637,164,0.04692
472,15.73137,0.35212,2.52435,0.00132,321.68542,-0.0005,0.04871,-0.29125,0.01985,0.99986,0,0.0,0.12084,163,0.04685
473,15.76469,0.39061,3.36355,0.00102,306.20228,-0.00052,0.11001,-0.27424,0.01786,0.99944,0,0.0,0.13286,162,0.04587
474,15.79802,0.43221,2.09225,0.0039,274.20931,-0.00104,0.06544,-0.32871,0.01562,0.99965,0,0.0,0.12646,162,0.04868
475,15.83135,0.49578,2.33061,0.0142,257.98247,-0.00127,0.0785,-0.32017,0.01228,0.99919,0,0.0,0.13023,160,0.04844
476,15.86468,0.53947,3.72397,0.01923,261.51142,-0.00172,-0.04603,-0.31688,0.00941,0.99932,0,0.0,0.14054,160,0.04816
477,15.89801,0.30346,2.7597,0.00252,304.24937,-0.00049,-0.09417,-0.21428,-0.00437,0.99995,0,0.0,0.1252,160,0.05039
478,15.93134,0.28061,3.15746,0.00206,345.53919,0.00068,0.15038,-0.27046,0.01891,1.00001,0,0.0,0.11522,160,0.04844
479,15.96467,0.24983,3.9503,0.00275,352.09252,-0.00042,0.0746,-0.14556,0.0067,0.9996,1,0.00302,0.10889,160,0.04843
480,15.998,0.19763,3.51197,0.00455,4.6228,0.00085,-0.07984,0.01944,-0.00054,0.9997,1,0.00605,0.13292,160,0.04751
481,16.03133,0.25332,3.36594,0.00449,9.28791,0.00088,-0.13401,-0.0425,-0.00352,0.99977,1,0.00614,0.12835,160,0.04648
482,16.06466,0.30215,3.23599,0.00396,6.75938,0.00057,-0.15242,0.0009,-0.00692,0.99945,1,0.00627,0.14386,159,0.04488
483,16.09799,0.29341,3.57447,0.00384,7.68155,0.00105,-0.24659,0.05217,-0.01054,0.99979,1,0.00504,0.13941,158,0.04519
484,16.13131,0.29493,3.35889,0.00374,9.8965,0.00128,-0.26277,-0.04503,-0.00684,1.00008,1,0.00448,0.12063,158,0.04436
485,16.16464,0.28654,2.97461,0.00315,9.41332,0.00117,-0.30162,-0.02916,-0.01452,1.00018,1,0.00367,0.1124,158,0.04374
486,16.19797,0.29101,2.9362,0.00253,5.16389,0.0003,-0.30056,0.08328,-0.02051,0.99977,1,0.0031,0.12093,157,0.04308
487,16.2313,0.30186,2.90658,0.00187,359.28879,-1e-05,-0.2411,0.10522,-0.01302,0.99948,0,0.0,0.12931,157,0.04309
488,16.26463,0.30656,2.96681,0.00147,353.34393,-0.0005,-0.25091,0.05247,-0.01501,0.99957,0,0.0,0.11934,157,0.04233
489,16.29796,0.35267,2.6785,0.00133,347.18591,-0.00095,-0.26882,0.08288,-0.01873,0.99934,0,0.0,0.13483,157,0.04169
490,16.33129,0.35711,3.68749,0.00224,342.41216,-0.00094,-0.2059,0.02226,-0.00296,0.99931,0,0.0,0.13964,157,0.04188
491,16.36462,0.4322,3.54082,0.00232,339.25043,-0.00117,-0.27448,0.06587,-0.00909,0.99914,0,0.0,0.15146,157,0.04088
492,16.39795,0.53003,3.02503,0.00314,331.64521,-0.00132,-0.33428,-0.07051,0.00434,0.9992,1,0.00355,0.14746,156,0.0403
493,16.43128,0.62502,2.80239,0.00962,272.39622,-0.00122,-0.40401,-0.07994,0.00554,0.99909,1,0.00472,0.15183,155,0.04073
494,16.46461,0.70765,2.85048,0.02492,239.07257,-0.00168,-0.53455,-0.10239,0.00444,0.99914,1,0.00531,0.15643,155,0.03856
495,16.49794,0.7436,2.90885,0.0441,236.43123,-0.00158,-0.50753,-0.06459,-0.00084,0.99883,1,0.00627,0.16769,155,0.03828
496,16.53126,0.83841,2.91408,0.07575,221.04649,-0.00068,-0.67311,-0.17376,0.0093,0.9995,1,0.00752,0.15585,155,0.03686
497,16.56459,0.8216,3.22656,0.06323,227.30325,-0.00127,-0.68104,-0.14276,0.00396,0.99938,1,0.00927,0.1538,155,0.03865
498,16.59792,0.76062,3.0053,0.03996,244.63148,-0.00111,-0.59972,-0.14122,0.00299,0.99932,1,0.01004,0.15392,155,0.03713
499,16.63125,0.67497,2.94895,0.02651,260.8264,-0.00149,-0.5352,0.03772,-0.00962,0.99887,1,0.01089,0.16765,155,0.03669
500,16.66458,0.57629,3.55032,0.00977,330.72517,-0.0013,-0.46892,0.03671,-0.01278,0.99911,1,0.0123,0.15992,154,0.0355
501,16.69791,0.55108,3.08679,0.009,346.25605,-0.00083,-0.48901,0.13731,-0.01306,0.99912,1,0.01306,0.16244,153,0.03478
502,16.73124,0.51662,2.99655,0.00758,355.09194,-0.0005,-0.5101,0.14982,-0.02457,0.99917,1,0.01414,0.16886,152,0.03483
503,16.76457,0.54573,3.01802,0.00883,353.26004,-0.00074,-0.49203,0.08722,-0.01405,0.99934,1,0.0134,0.16035,151,0.03366
504,16.7979,0.5091,2.90589,0.00839,354.83864,0.00018,-0.50432,0.05882,-0.01674,0.99962,1,0.01319,0.16861,151,0.03363
505,16.83123,0.67096,2.96099,0.00753,345.23663,-0.00026,-0.66334,-0.00943,-0.0121,0.99967,1,0.01249,0.15105,151,0.03233
506,16.86456,0.34354,3.20925,0.00823,346.98145,-0.0005,-0.2609,0.00018,-0.00783,0.99968,1,0.01174,0.13758,151,0.03413
507,16.89789,0.24326,3.19342,0.00951,345.65176,-0.00068,-0.14145,-0.02835,-0.0082,0.99974,1,0.0114,0.12005,151,0.03288
508,16.93121,0.18348,3.33518,0.01089,349.30719,-0.00033,-0.03019,-0.0725,-0.00289,0.99989,1,0.01186,0.10654,151,0.0327
509,16.96454,0.19015,3.62619,0.01233,351.57423,-0.00097,0.04772,0.00026,-0.01153,0.99969,1,0.01154,0.11352,150,0.03265
510,16.99787,0.19025,3.44346,0.01292,352.73012,-0.0013,0.07976,0.08152,-0.01604,0.99946,1,0.01201,0.10987,150,0.03177
511,17.0312,0.2062,3.47379,0.0143,356.37597,-0.00021,0.0918,-0.03086,-0.00893,0.99987,1,0.01265,0.10712,200,0.03196
512,17.06453,0.24299,3.98854,0.01473,355.05211,-0.00065,0.16972,0.02105,-0.00852,0.99963,1,0.0124,0.11373,200,0.03228
513,17.09786,0.24754,3.29869,0.01411,353.94802,-0.0002,0.12495,-0.09734,-0.0031,1.00002,1,0.01183,0.11217,200,0.03239
514,17.13119,0.28939,3.39033,0.01442,352.34839,-0.00021,0.16081,-0.12418,-0.00133,1.0001,1,0.01176,0.11983,199,0.03247
515,17.16452,0.36002,3.62455,0.01523,349.24729,-0.00074,0.27127,-0.12416,0.00634,0.99991,1,0.01194,0.13386,199,0.03212
516,17.19785,0.3826,3.64637,0.01658,350.04947,-0.00028,0.32357,-0.10534,0.00576,0.99986,2,0.01593,0.1376,199,0.03123
517,17.23118,0.49508,3.71855,0.01769,350.92365,1e-05,0.39265,-0.16908,0.0009,1.00015,1,0.01651,0.13949,199,0.03167
518,17.26451,0.51183,3.83653,0.01847,351.72101,-1e-05,0.40411,-0.22994,0.00706,1.00042,1,0.01762,0.14002,199,0.03162
519,17.29784,0.5089,3.98277,0.01883,351.19156,-0.00036,0.509,-0.06769,0.01234,0.99976,1,0.01801,0.15994,199,0.03269
520,17.33116,0.55268,4.05944,0.01901,350.59734,0.00038,0.47537,-0.29091,0.01712,1.00045,1,0.01807,0.1432,199,0.0329
521,17.36449,0.50307,3.83852,0.01762,346.71662,0.00017,0.48547,-0.25786,0.02689,1.00008,1,0.01766,0.15308,199,0.0329
522,17.39782,0.4865,3.8144,0.01727,345.22406,3e-05,0.43408,-0.25708,0.02367,1.00009,1,0.01746,0.14893,199,0.03345
523,17.43115,0.505,3.99067,0.01701,349.51172,0.00011,0.40196,-0.22213,0.0091,1.00035,1,0.01631,0.14408,199,0.0357
524,17.46448,0.53737,4.04378,0.01754,355.69298,8e-05,0.52598,-0.13148,0.01505,1.00003,1,0.0167,0.14517,198,0.03532
525,17.49781,0.52393,4.24498,0.0224,3.27504,0.0002,0.45593,0.00425,-0.00137,0.99991,1,0.018,0.14823,198,0.03614
526,17.53114,0.45332,4.30687,0.02587,14.71335,0.00099,0.3917,-0.0323,0.01014,1.00013,1,0.02324,0.15003,198,0.03542
527,17.56447,0.39452,4.22272,0.02531,18.42732,0.00099,0.27875,0.01366,-0.00084,1.00015,1,0.02411,0.15187,197,0.0347
528,17.5978,0.34844,3.59262,0.02411,17.23079,0.00112,0.24005,-0.02336,0.00083,1.00026,1,0.02183,0.12791,196,0.03438
529,17.63113,0.34142,4.18516,0.02171,12.54305,0.00062,0.23946,-0.02437,0.00121,1.00015,1,0.02017,0.13324,196,0.0351
530,17.66446,0.38168,5.0188,0.02046,9.66778,0.00051,0.29851,0.00218,0.00358,1.00002,1,0.0193,0.13683,196,0.03335
531,17.69779,0.39527,3.97237,0.01855,7.73302,0.00012,0.33103,0.05244,-3e-05,0.99979,1,0.01704,0.13848,196,0.03452
532,17.73111,0.38308,4.34204,0.01756,4.49203,0.00017,0.32135,-0.01745,0.00077,0.99991,1,0.01532,0.12867,196,0.03347
533,17.76444,0.34675,3.95492,0.01438,2.59369,0.00011,0.27207,-0.00236,-0.00256,0.99982,1,0.01365,0.12572,195,0.03374
534,17.79777,0.30907,3.65463,0.0114,358.88274,-0.00012,0.26787,-0.03196,0.00764,0.99976,1,0.01131,0.12282,195,0.03512
535,17.8311,0.28409,3.61645,0.00958,356.6078,-0.0003,0.26815,-0.03596,0.01151,0.99973,1,0.00987,0.1197,194,0.03567
536,17.86443,0.27253,3.40388,0.00794,352.04974,-0.00043,0.24971,-0.0331,0.01091,0.99965,1,0.00863,0.1203,194,0.03541
537,17.89776,0.31217,3.84104,0.00744,349.90074,-0.00091,0.28317,-0.02778,0.00737,0.99954,1,0.00782,0.124,194,0.03441
538,17.93109,0.31334,3.80289,0.00766,347.87475,-0.00096,0.27938,-0.00191,0.00761,0.99945,1,0.00826,0.13845,194,0.03548
539,17.96442,0.30448,3.53992,0.00837,345.79462,-0.00125,0.28272,-0.01014,0.00938,0.99942,1,0.00858,0.12479,194,0.03416
540,17.99775,0.2642,3.37067,0.00846,345.15177,-0.00127,0.21698,0.04475,0.00415,0.99926,1,0.00896,0.13498,194,0.0357
541,18.03108,0.27941,3.4833,0.00898,342.66366,-0.00152,0.22366,-0.00397,0.00521,0.99928,1,0.0091,0.12455,194,0.03648
542,18.06441,0.26858,3.74719,0.00897,339.75647,-0.00199,0.23638,0.06201,0.00955,0.99908,1,0.00929,0.14131,194,0.03625
543,18.09774,0.29157,3.65104,0.00914,334.71515,-0.00243,0.22231,0.0803,0.00237,0.99892,1,0.00893,0.14121,194,0.03567
544,18.13106,0.286,3.46452,0.00887,330.2494,-0.00222,0.21154,0.17388,-0.00109,0.99863,1,0.00813,0.15722,194,0.03634
545,18.16439,0.29763,3.40403,0.01019,328.34924,-0.00133,0.25771,0.02664,0.01427,0.99892,1,0.00855,0.14596,194,0.03729
546,18.19772,0.29671,3.47924,0.01076,317.98918,-0.00245,0.23442,0.20879,-0.00126,0.99828,1,0.00788,0.13837,193,0.03711
547,18.23105,0.25821,4.08871,0.00971,328.41686,-0.00188,0.171,0.15083,0.00033,0.99872,1,0.01069,0.13935,193,0.03775
548,18.26438,0.28141,4.26611,0.0106,335.70961,-0.00229,0.17181,0.21711,-0.00349,0.99843,1,0.01123,0.16175,193,0.03727
549,18.29771,0.25956,4.29815,0.01347,340.88096,-0.00229,0.18319,0.24143,-6e-05,0.99844,1,0.0147,0.15569,193,0.03613
550,18.33104,0.28031,4.20983,0.01385,342.33284,-0.00259,0.21351,0.24373,0.00249,0.9983,1,0.01521,0.15947,191,0.03423
551,18.36437,0.23095,4.37976,0.01391,346.69855,-0.00194,0.14338,0.08004,0.00255,0.99904,1,0.01535,0.13158,189,0.0352
552,18.3977,0.23806,3.95719,0.01446,347.22963,-0.00123,0.1016,0.04888,0.00216,0.99931,1,0.01576,0.15961,188,0.03487
553,18.43103,0.21414,3.56964,0.01311,347.1134,-0.0007,0.00368,-0.07306,0.00779,0.99978,1,0.01471,0.13353,188,0.0352
554,18.46436,0.27069,3.40702,0.01158,343.35191,-0.00112,-0.0786,-0.09797,0.00596,0.99984,1,0.01346,0.14492,188,0.03381
555,18.49769,0.20717,3.62468,0.01189,344.82188,-0.00189,-0.11979,0.08359,-0.01147,0.99946,1,0.01346,0.12261,187,0.03512
556,18.53101,0.18716,3.35321,0.01238,347.29839,-0.00091,-0.0743,-0.00334,-0.00555,0.99978,1,0.01344,0.12453,187,0.03628
557,18.56434,0.17658,3.40753,0.01308,346.67812,-0.00158,-0.02484,0.09483,-0.00661,0.99942,1,0.01405,0.13954,187,0.03599
558,18.59767,0.19596,3.25404,0.01425,348.62254,-0.00114,-0.0448,0.06306,-0.00257,0.99953,1,0.01542,0.14117,187,0.03674
559,18.631,0.22293,3.15426,0.01372,348.11455,-0.00113,-0.07366,0.03361,-0.00158,0.99952,1,0.01532,0.13829,187,0.03581
560,18.66433,0.24873,3.03451,0.01337,346.47896,-0.00114,-0.03209,0.01107,0.00697,0.99944,1,0.01475,0.15464,187,0.03537
561,18.69766,0.25735,3.13264,0.01276,344.91918,-0.00124,-0.09312,-0.02557,0.00292,0.9997,1,0.01421,0.15,187,0.03504
562,18.73099,0.27267,3.25697,0.01315,342.58042,-0.00147,-0.05275,0.0221,3e-05,0.99941,1,0.01425,0.15792,187,0.03494
563,18.76432,0.28644,3.5008,0.01375,341.2868,-0.00093,-0.05415,-0.0875,0.00432,0.9997,1,0.01443,0.15357,187,0.03461
564,18.79765,0.3045,3.51878,0.01356,340.16058,-0.00107,-0.00789,-0.15119,0.01608,0.99977,1,0.01416,0.16189,187,0.03372
565,18.83098,0.32874,3.77363,0.01421,336.52594,-0.00153,0.05331,-0.07679,0.01642,0.99929,1,0.01483,0.16713,187,0.03445
566,18.86431,0.34642,3.40229,0.01464,335.87069,-0.00101,-0.0057,-0.16541,0.01128,0.99966,1,0.01512,0.16259,187,0.03386
567,18.89764,0.3609,3.45901,0.01672,334.11627,-0.00136,0.03415,-0.11621,0.01248,0.99933,1,0.01689,0.16647,186,0.03357
568,18.93096,0.33136,3.68323,0.01685,335.47651,-0.00095,0.04534,-0.13172,0.01801,0.99946,1,0.01721,0.1678,186,0.03472
569,18.96429,0.33,3.81398,0.01853,337.91758,-0.00162,0.03073,-0.09401,0.01435,0.99944,1,0.01902,0.17896,186,0.0334
570,18.99762,0.3614,4.08661,0.02144,338.73818,-0.00115,0.07896,-0.18086,0.01403,0.99957,1,0.02127,0.17555,186,0.03475
571,19.03095,0.33058,4.15902,0.02279,341.19281,-0.00148,0.09317,-0.07254,0.01554,0.99933,1,0.02305,0.19107,186,0.03502
572,19.06428,0.2978,4.05181,0.02444,346.26633,-0.00082,0.11142,-0.08448,0.01876,0.99946,1,0.02506,0.18755,185,0.03465
573,19.09761,0.27627,3.49643,0.02521,348.77367,-0.00089,-0.01715,0.02773,0.00565,0.99943,1,0.02635,0.1873,183,0.03354
574,19.13094,0.28286,2.87266,0.02435,355.23119,-0.00032,-0.16642,0.17662,-0.01004,0.99941,1,0.02647,0.20073,182,0.03316
575,19.16427,0.2807,2.66268,0.02421,357.65135,-0.00032,-0.18585,0.11871,-0.0067,0.99953,1,0.02619,0.16339,182,0.03277
576,19.1976,0.28779,3.06357,0.0225,358.12685,-0.00069,-0.24162,0.21279,-0.02199,0.9994,1,0.02475,0.17221,180,0.03292
577,19.23093,0.28702,2.70651,0.02113,359.71944,-0.00095,-0.26171,0.32412,-0.03583,0.99913,1,0.02357,0.16607,179,0.03243
578,19.26426,0.30714,2.83327,0.01927,1.24817,-0.00114,-0.31199,0.3299,-0.04075,0.99922,1,0.02267,0.16606,178,0.03225
579,19.29759,0.29222,2.98833,0.01876,359.94188,-0.00111,-0.29189,0.36716,-0.04135,0.99902,1,0.02202,0.16838,177,0.03242
580,19.33091,0.30673,2.62385,0.0157,356.47698,-0.00125,-0.26861,0.35135,-0.03491,0.99897,1,0.01872,0.16236,175,0.03233
581,19.36424,0.29815,2.57851,0.01291,349.94703,-0.00121,-0.31874,0.20933,-0.03333,0.99936,1,0.01497,0.13905,175,0.03106
582,19.39757,0.26879,3.15669,0.01201,342.76264,-0.00159,-0.188,0.13009,-0.02314,0.99931,1,0.01306,0.13446,174,0.03142
583,19.4309,0.26269,2.99305,0.01175,336.63875,-0.00222,-0.01046,0.08845,3e-05,0.99916,1,0.01265,0.15605,172,0.03163
584,19.46423,0.28456,3.44065,0.0123,332.22809,-0.00202,0.00452,0.06855,-0.00231,0.99905,1,0.01196,0.14687,172,0.03239
585,19.49756,0.27577,3.08692,0.01435,329.40204,-0.00296,-0.03466,0.15238,-0.01367,0.99892,1,0.01421,0.15661,171,0.03347
586,19.53089,0.2757,3.08714,0.01371,329.45004,-0.00251,0.0058,0.10815,-0.00341,0.99895,1,0.0146,0.14634,171,0.03276
587,19.56422,0.27036,3.52415,0.01491,327.32927,-0.00263,0.0296,0.13418,-0.00034,0.99886,1,0.01468,0.15232,171,0.0335
588,19.59755,0.26123,3.39147,0.01789,323.04043,-0.00335,0.00969,0.21872,-0.01074,0.99871,1,0.01598,0.15596,171,0.03305
589,19.63088,0.27443,3.40898,0.01676,321.32041,-0.00329,-0.02681,0.2058,-0.01404,0.99876,1,0.0157,0.15789,171,0.03392
590,19.66421,0.27822,3.35982,0.02033,323.6179,-0.00336,0.06349,0.24119,-0.00778,0.99851,1,0.01776,0.17168,171,0.03446
591,19.69754,0.32401,3.55954,0.02711,324.10566,-0.00413,0.15776,0.24206,-0.00499,0.99817,1,0.01853,0.17102,171,0.0345
592,19.73086,0.27714,3.51038,0.02607,329.02492,-0.00392,0.16314,0.26399,-0.0032,0.99849,1,0.01972,0.18084,170,0.03362
593,19.76419,0.26117,3.58768,0.02647,332.60648,-0.00381,0.09551,0.2699,-0.01271,0.99863,1,0.02036,0.17136,170,0.03518
594,19.79752,0.25706,3.54721,0.03064,336.97878,-0.00374,0.07936,0.36991,-0.02308,0.99847,1,0.0246,0.1826,170,0.03422
595,19.83085,0.26082,3.9747,0.03286,340.23175,-0.00353,0.1095,0.43975,-0.02205,0.99839,1,0.02724,0.18646,169,0.03435
596,19.86418,0.2979,3.88494,0.03645,338.46357,-0.00434,0.15157,0.40389,-0.0164,0.99824,2,0.03112,0.18829,168,0.03401
597,19.89751,0.29129,3.6767,0.03655,335.93879,-0.00435,0.09083,0.42196,-0.02545,0.99821,2,0.03152,0.192,168,0.03289
598,19.93084,0.29527,3.5565,0.03776,332.93217,-0.00433,0.11406,0.42024,-0.01627,0.99812,1,0.02912,0.20739,167,0.03305
599,19.96417,0.25342,3.47825,0.03768,333.00378,-0.00386,0.07399,0.25323,-0.01204,0.99882,1,0.02906,0.18904,167,0.03329
600,19.9975,0.27215,3.34418,0.03943,332.63647,-0.00429,0.09541,0.23777,-0.00921,0.99884,1,0.02864,0.17996,166,0.03181
601,20.03083,0.26596,3.28668,0.04156,331.83563,-0.00403,0.08518,0.27454,-0.01584,0.99869,1,0.02892,0.17918,166,0.03155
602,20.06416,0.26097,3.27894,0.04158,334.48434,-0.00423,0.06828,0.28842,-0.01631,0.99878,2,0.03407,0.1719,166,0.03254
603,20.09749,0.2643,3.3687,0.04336,339.22445,-0.00417,0.0717,0.3753,-0.02728,0.99857,1,0.03233,0.17833,163,0.0327
604,20.13081,0.28432,3.55057,0.04924,342.72503,-0.00395,0.09964,0.43133,-0.0358,0.99846,2,0.03739,0.20267,163,0.03136
605,20.16414,0.29784,3.64089,0.05092,344.51456,-0.00361,0.14756,0.393,-0.02564,0.9986,2,0.03977,0.21362,162,0.03084
606,20.19747,0.28335,3.41776,0.05099,345.2769,-0.00324,0.12275,0.335,-0.02258,0.99869,2,0.0399,0.19418,162,0.03181
607,20.2308,0.23183,3.04145,0.04482,345.01418,-0.00278,0.09633,0.3085,-0.01344,0.99882,1,0.03377,0.19698,160,0.03145
608,20.26413,0.23731,2.96307,0.04334,342.8208,-0.003,0.03711,0.31311,-0.02299,0.99876,1,0.03302,0.18379,160,0.0314
609,20.29746,0.24786,3.15112,0.04528,341.10687,-0.00309,0.07411,0.2181,-0.01626,0.999,1,0.03234,0.18872,160,0.03099
610,20.33079,0.28199,3.45002,0.05009,338.47613,-0.00347,0.13602,0.19736,-0.00959,0.99883,2,0.03671,0.19929,160,0.03122
611,20.36412,0.32726,3.7407,0.05658,337.12663,-0.00416,0.22313,0.24384,-0.00017,0.99868,2,0.04205,0.24149,160,0.03048
612,20.39745,0.33001,3.79414,0.05743,336.47668,-0.00375,0.21614,0.1472,0.00191,0.99892,2,0.04238,0.22619,160,0.03136
613,20.43078,0.34936,3.72673,0.05948,335.31803,-0.00384,0.26726,0.16041,0.00283,0.99879,2,0.03932,0.22958,159,0.03158
614,20.46411,0.33258,3.50556,0.0621,334.33357,-0.00408,0.22676,0.15711,-0.00289,0.99879,2,0.04205,0.21399,158,0.03179
615,20.49744,0.33863,3.43152,0.06033,331.63444,-0.0047,0.17938,0.17165,-0.00412,0.99879,2,0.04244,0.22493,156,0.03215
616,20.53076,0.31978,3.28934,0.05974,330.11007,-0.00474,0.17732,0.21907,-0.00171,0.99864,2,0.04126,0.22766,155,0.03206
617,20.56409,0.31992,3.19129,0.05615,326.58892,-0.00464,0.1175,0.35832,-0.00722,0.99833,2,0.03994,0.25215,155,0.03313
618,20.59742,0.3712,3.10577,0.05013,314.65041,-0.00534,-0.02373,0.42805,-0.01506,0.99814,1,0.03818,0.25253,152,0.03317
619,20.63075,0.28775,3.07768,0.04964,322.4064,-0.00402,0.0073,0.22768,-0.01005,0.99887,2,0.04412,0.22311,151,0.03402
620,20.66408,0.41783,3.42196,0.07725,332.63516,-0.00292,0.39822,0.08487,0.01849,0.99878,3,0.05377,0.27103,151,0.03499
621,20.69741,0.42316,3.78226,0.08071,338.2237,-0.00384,0.32412,0.32355,-0.00898,0.99827,2,0.0552,0.26199,151,0.03468
622,20.73074,0.39416,3.69164,0.07917,346.35334,-0.00342,0.24663,0.41894,-0.01639,0.99845,2,0.05855,0.28966,150,0.03487
623,20.76407,0.31853,3.55097,0.07337,351.53405,-0.00261,0.10405,0.37983,-0.02655,0.9988,2,0.05396,0.25061,149,0.03503
624,20.7974,0.2945,3.27051,0.06686,351.37341,-0.0023,0.11284,0.33341,-0.02513,0.99882,2,0.05119,0.22546,148,0.03379
625,20.83073,0.3012,3.19186,0.06905,350.41034,-0.00264,0.08916,0.39972,-0.03168,0.99866,2,0.05115,0.23909,148,0.03433
626,20.86406,0.3445,3.5499,0.08066,351.77608,-0.00273,0.17155,0.35045,-0.02429,0.9988,2,0.05656,0.24174,200,0.03387
627,20.89739,0.41223,3.73709,0.09055,354.68841,-0.0022,0.20314,0.35691,-0.03718,0.9989,2,0.05858,0.26008,198,0.03314
628,20.93071,0.45032,3.85638,0.09681,356.68489,-0.00238,0.24261,0.47051,-0.03599,0.99853,2,0.06336,0.27521,197,0.03342
629,20.96404,0.42249,3.61191,0.08893,357.99379,-0.00261,0.19875,0.57606,-0.0518,0.99833,2,0.05544,0.27798,196,0.03266
630,20.99737,0.37786,3.24995,0.07872,358.07724,-0.00251,0.11025,0.45476,-0.04636,0.99876,2,0.05228,0.24987,193,0.03242
631,21.0307,0.36647,3.4978,0.07724,353.64672,-0.00336,0.19543,0.51721,-0.03515,0.99834,2,0.05098,0.23732,193,0.03243
632,21.06403,0.34496,3.2864,0.07225,348.37685,-0.00364,0.17908,0.45282,-0.0285,0.99846,2,0.04991,0.22563,192,0.0327
633,21.09736,0.35542,3.61689,0.08061,341.92634,-0.00409,0.24043,0.48609,-0.02495,0.99809,2,0.05154,0.23988,192,0.03283
634,21.13069,0.39846,3.51653,0.09001,338.51751,-0.00499,0.30584,0.43978,-0.0139,0.9981,2,0.05858,0.23566,191,0.0328
635,21.16402,0.42541,3.78855,0.09594,336.93746,-0.00569,0.31619,0.48531,-0.02081,0.99799,3,0.06485,0.26113,189,0.03345
636,21.19735,0.45091,3.80603,0.10025,334.87862,-0.00638,0.36372,0.50624,-0.01364,0.99785,3,0.06761,0.27078,189,0.03429
637,21.23068,0.47703,4.12769,0.10323,336.99502,-0.00668,0.36357,0.61585,-0.03359,0.9976,2,0.06212,0.28223,189,0.03485
638,21.26401,0.51833,4.24953,0.1128,338.16924,-0.00641,0.4155,0.66081,-0.029,0.9974,3,0.06862,0.3114,186,0.03487
639,21.29734,0.53548,4.26636,0.11416,339.77781,-0.00668,0.43686,0.70808,-0.02616,0.99732,3,0.07165,0.30619,186,0.03542
640,21.33066,0.5214,4.18824,0.11215,344.1044,-0.00661,0.38608,0.6046,-0.01665,0.99786,2,0.06962,0.2805,186,0.03693
641,21.36399,0.47003,3.72857,0.10546,348.09498,-0.00528,0.23579,0.62129,-0.03195,0.99811,2,0.06829,0.28259,186,0.0361
642,21.39732,0.46002,3.52229,0.09708,348.88407,-0.0054,0.22182,0.66252,-0.03037,0.99796,2,0.06292,0.26687,186,0.03835
643,21.43065,0.46005,3.33458,0.09564,350.03934,-0.00556,0.245,0.63816,-0.02383,0.99795,2,0.06411,0.26395,185,0.0376
644,21.46398,0.45127,3.0843,0.09451,349.61659,-0.00544,0.25153,0.67018,-0.02182,0.9978,2,0.06237,0.26791,184,0.03738
645,21.49731,0.45188,3.11309,0.09465,349.53134,-0.00553,0.24252,0.69492,-0.02845,0.99779,2,0.06088,0.27482,183,0.03635
646,21.53064,0.45431,3.4412,0.09762,349.52748,-0.00512,0.22153,0.63038,-0.02991,0.99804,2,0.06112,0.27326,182,0.03843
647,21.56397,0.4388,3.34041,0.0943,349.03903,-0.00522,0.18987,0.56694,-0.03235,0.99825,2,0.06318,0.27002,180,0.0377
648,21.5973,0.42557,3.31735,0.08712,348.57432,-0.00517,0.12355,0.60273,-0.0371,0.9983,2,0.05579,0.27243,180,0.03723
649,21.63063,0.40911,3.17288,0.0853,346.74703,-0.00536,0.13216,0.57467,-0.03255,0.99833,2,0.0609,0.26816,179,0.03844
650,21.66396,0.42764,3.19564,0.08715,345.47352,-0.00559,0.07491,0.71517,-0.05321,0.99786,2,0.05203,0.29958,178,0.03869
651,21.69729,0.4133,3.13097,0.08985,346.21184,-0.00551,0.08225,0.61009,-0.0425,0.99824,2,0.05731,0.27861,176,0.03939
652,21.73061,0.41649,3.11819,0.09281,346.07413,-0.00526,0.08269,0.69238,-0.06118,0.99783,2,0.051,0.29653,176,0.03842
653,21.76394,0.42462,3.23193,0.08499,347.019,-0.00531,0.12334,0.64888,-0.047,0.99792,2,0.05019,0.2851,175,0.03923
654,21.79727,0.40428,3.00675,0.069,349.51555,-0.00449,0.04852,0.64231,-0.0531,0.99821,2,0.0467,0.28441,175,0.03965
655,21.8306,0.37663,2.82344,0.05393,348.10677,-0.00432,0.02282,0.55113,-0.04068,0.99856,2,0.04451,0.26984,174,0.03929
656,21.86393,0.34715,2.60655,0.0489,345.05462,-0.00407,0.02063,0.53529,-0.03689,0.9984,2,0.04193,0.26754,174,0.03916
657,21.89726,0.33003,2.54494,0.04213,342.33092,-0.00393,-0.03657,0.50524,-0.04198,0.9985,1,0.03363,0.25891,174,0.03984
658,21.93059,0.34412,2.47488,0.04254,341.71035,-0.00401,-0.03815,0.44475,-0.03469,0.99869,1,0.03393,0.25748,173,0.03911
659,21.96392,0.36738,2.60148,0.04113,338.67934,-0.00458,0.00854,0.7518,-0.04325,0.99754,1,0.0344,0.30897,173,0.03955
660,21.99725,0.34145,2.6906,0.04434,340.08982,-0.00413,-0.00769,0.45536,-0.02991,0.99858,1,0.03311,0.26857,173,0.03886
661,22.03058,0.33368,2.66972,0.04776,339.82979,-0.00417,0.01112,0.43044,-0.03289,0.99861,1,0.03411,0.28243,172,0.03969
662,22.06391,0.34239,2.7153,0.0501,337.1831,-0.00477,0.04013,0.43086,-0.02602,0.99852,2,0.0427,0.27936,171,0.03946
663,22.09724,0.34587,2.87298,0.05169,335.07315,-0.00466,0.01597,0.47856,-0.03172,0.99835,1,0.03627,0.29775,171,0.03911
664,22.13056,0.41947,2.6238,0.04732,327.80756,-0.00557,-0.08262,0.50789,-0.02889,0.99821,2,0.04348,0.29852,171,0.03846
665,22.16389,0.42722,3.03959,0.05403,326.88757,-0.00519,-0.10867,0.47422,-0.03488,0.9984,2,0.05206,0.32429,170,0.03987
666,22.19722,0.32621,3.45987,0.07685,335.8235,-0.0042,0.11945,0.12719,-0.00824,0.99932,2,0.06084,0.33045,168,0.04007
667,22.23055,0.39596,3.41239,0.09974,342.92009,-0.00531,0.12455,0.45264,-0.02914,0.99839,2,0.06848,0.32421,168,0.03996
668,22.26388,0.42791,3.23779,0.08575,354.36192,-0.00415,-0.0048,0.51253,-0.04725,0.99869,2,0.06831,0.34696,168,0.03945
669,22.29721,0.45652,2.93559,0.08217,3.51218,-0.00315,-0.02405,0.51418,-0.04324,0.99887,2,0.06838,0.33487,167,0.03867
670,22.33054,0.48892,2.68042,0.07205,10.83925,-0.00193,-0.09387,0.64018,-0.05014,0.99868,1,0.05427,0.33238,167,0.03849
671,22.36387,0.51217,2.59192,0.06694,15.11119,-0.00249,-0.14536,0.55967,-0.05011,0.99917,1,0.05208,0.31643,167,0.03701
672,22.3972,0.49888,2.38191,0.0654,16.33767,-0.00231,-0.15733,0.51741,-0.05041,0.99925,1,0.04858,0.30683,167,0.03738
673,22.43053,0.561,2.29932,0.05344,20.80015,-0.00181,-0.23551,0.63975,-0.0458,0.99911,1,0.04594,0.30445,167,0.03573
674,22.46386,0.52811,2.3088,0.04996,20.24496,-0.00219,-0.29104,0.67308,-0.06577,0.99896,1,0.04268,0.29594,166,0.03532
675,22.49719,0.55734,2.0063,0.04358,19.72708,-0.00267,-0.32159,0.69898,-0.06219,0.99899,1,0.03919,0.28578,166,0.03515
676,22.53051,0.51745,2.006,0.0365,12.93527,-0.00205,-0.33268,0.5708,-0.06068,0.99924,1,0.03551,0.27777,166,0.03383
677,22.56384,0.48346,2.01153,0.0321,3.41876,-0.00312,-0.26686,0.67057,-0.05979,0.99869,1,0.03333,0.28345,166,0.033
678,22.59717,0.44534,2.11092,0.03058,356.8084,-0.00316,-0.26501,0.56306,-0.06067,0.99888,1,0.03055,0.273,166,0.03455
679,22.6305,0.42502,2.18996,0.03269,353.81163,-0.00381,-0.23707,0.5637,-0.06564,0.9988,1,0.02902,0.27441,166,0.03347
680,22.66383,0.4116,2.12146,0.02762,351.06093,-0.00315,-0.26482,0.5497,-0.07059,0.99874,1,0.02805,0.27055,166,0.03372
681,22.69716,0.42158,2.11103,0.0273,350.91242,-0.0036,-0.25548,0.62027,-0.06896,0.9985,1,0.02732,0.2756,166,0.03307
682,22.73049,0.43376,1.97297,0.0272,352.71791,-0.0031,-0.21311,0.58546,-0.05555,0.99872,1,0.02699,0.25921,166,0.03281
683,22.76382,0.43052,2.05732,0.02808,349.80692,-0.00407,-0.25976,0.54346,-0.06104,0.99871,1,0.02565,0.26618,166,0.03381
684,22.79715,0.42839,2.19139,0.03232,349.02963,-0.00402,-0.24691,0.59217,-0.06298,0.99853,1,0.0258,0.2675,166,0.03419
685,22.83048,0.42013,2.2528,0.03691,345.69044,-0.00454,-0.21828,0.55623,-0.06684,0.99855,2,0.03384,0.27463,164,0.03395
686,22.86381,0.42051,2.45073,0.04069,341.56778,-0.00442,-0.12212,0.39438,-0.05156,0.99884,2,0.03444,0.29884,164,0.03456
687,22.89714,0.42151,2.53558,0.05162,339.61138,-0.00555,-0.15113,0.55446,-0.07944,0.99827,2,0.04057,0.29945,164,0.03443
688,22.93046,0.43266,2.60856,0.0592,337.91064,-0.00518,-0.07697,0.52769,-0.05478,0.99821,2,0.04728,0.29256,164,0.03529
689,22.96379,0.43364,2.83675,0.0858,340.07286,-0.00555,-0.03405,0.53754,-0.07843,0.99809,2,0.0426,0.32387,164,0.03503
690,22.99712,0.4449,3.1194,0.0959,340.33911,-0.00599,0.06471,0.53405,-0.04757,0.99792,2,0.04761,0.30688,164,0.03683
691,23.03045,0.40106,3.16872,0.09842,343.05422,-0.00535,0.06345,0.58696,-0.05781,0.99793,2,0.04354,0.31985,164,0.03819
692,23.06378,0.45727,3.1877,0.09953,348.24115,-0.00621,0.026,0.69246,-0.07074,0.99766,2,0.04606,0.3113,164,0.03806
693,23.09711,0.43924,2.83319,0.0907,353.70195,-0.0054,-0.00886,0.87017,-0.08959,0.99747,2,0.04163,0.35128,164,0.03868
694,23.13044,0.42804,2.92192,0.09595,355.1506,-0.00531,0.01704,0.62675,-0.06342,0.99806,2,0.04854,0.31348,164,0.03884
695,23.16377,0.44057,2.88663,0.08491,353.71632,-0.00546,-0.00768,0.65194,-0.07177,0.998,2,0.03935,0.31712,163,0.03789
696,23.1971,0.42679,3.13741,0.08719,349.4495,-0.00527,0.078,0.586,-0.05097,0.99792,2,0.04606,0.3212,163,0.03914
697,23.23043,0.3977,2.90053,0.0745,346.66485,-0.0051,0.03436,0.60622,-0.062,0.99795,2,0.03952,0.32852,162,0.03854
698,23.26376,0.43251,3.54439,0.07128,343.63371,-0.00497,0.02204,0.60488,-0.05197,0.9978,2,0.04408,0.33377,162,0.03857
699,23.29709,0.4074,3.15408,0.06748,344.537,-0.00501,-0.11647,0.42918,-0.07029,0.99872,2,0.04439,0.32872,162,0.03894
700,23.33041,0.42198,3.83938,0.0753,342.7588,-0.00515,-0.06345,0.40132,-0.06418,0.99861,2,0.0497,0.33289,162,0.03997
701,23.36374,0.38376,3.2845,0.07145,344.78651,-0.00444,-0.09768,0.38319,-0.07274,0.99891,2,0.0465,0.33766,161,0.0401
702,23.39707,0.3987,3.03598,0.09574,345.78902,-0.00533,-4e-05,0.47874,-0.07294,0.99848,2,0.04849,0.34602,160,0.03894
703,23.4304,0.40083,2.77088,0.08365,347.91886,-0.00478,-0.1135,0.64629,-0.11307,0.99813,2,0.04102,0.36465,160,0.03956
704,23.46373,0.39032,2.9026,0.07578,349.97406,-0.00407,0.01258,0.37684,-0.05907,0.99881,2,0.04612,0.33579,160,0.03864
705,23.49706,0.37025,2.49283,0.06849,350.21743,-0.00387,0.30712,0.31949,1e-05,0.99877,2,0.03991,0.41173,160,0.03942
706,23.53039,0.36774,2.83972,0.05854,348.02471,-0.00328,-0.05053,0.39574,-0.06622,0.99863,2,0.03326,0.31983,160,0.03914
707,23.56372,0.37334,2.54895,0.05557,347.71064,-0.0032,-0.12201,0.30285,-0.06706,0.99892,2,0.03244,0.31499,160,0.03804
708,23.59705,0.39313,2.33165,0.05943,342.7255,-0.00371,0.0126,0.22954,-0.04594,0.99883,3,0.03294,0.32686,160,0.03916
709,23.63038,0.40392,2.81153,0.05502,341.58475,-0.00319,-0.03793,0.09894,-0.02656,0.99908,3,0.04397,0.31887,160,0.03897
710,23.66371,0.42532,2.69512,0.06715,340.01624,-0.00389,-0.01345,0.25057,-0.06092,0.99865,3,0.03664,0.345,160,0.03993
711,23.69704,0.43008,2.76539,0.08145,339.55905,-0.00377,0.11177,0.08713,-0.0312,0.99902,3,0.04143,0.36768,158,0.0394
712,23.73036,0.44376,2.96804,0.08958,337.86685,-0.00425,0.11788,0.0442,-0.02715,0.99909,2,0.05021,0.37453,158,0.039
713,23.76369,0.47879,2.86474,0.10624,334.80815,-0.00471,0.13962,0.19153,-0.04169,0.99849,3,0.04356,0.38854,158,0.04
714,23.79702,0.51283,2.9898,0.10972,332.01021,-0.00456,0.16963,-0.01805,-0.02304,0.99894,4,0.05575,0.39773,158,0.04041
715,23.83035,0.54984,2.96229,0.11621,330.95138,-0.00453,0.13256,-0.15415,-0.02182,0.99932,5,0.06458,0.41298,158,0.04038
716,23.86368,0.56529,2.99773,0.12387,327.56831,-0.00489,0.13778,-0.01737,-0.02391,0.9988,5,0.06729,0.41143,158,0.03942
717,23.89701,0.56359,2.99078,0.12103,330.34121,-0.00493,0.12999,-0.12123,-0.02423,0.99928,5,0.0711,0.42999,158,0.03951
718,23.93034,0.58861,3.13773,0.1489,329.5104,-0.00511,0.40469,-0.22857,0.01863,0.99913,5,0.06654,0.47629,155,0.03962
719,23.96367,0.54425,3.13078,0.13373,334.49702,-0.00513,0.18614,0.03522,-0.02834,0.99881,3,0.07218,0.43231,155,0.0403
720,23.997,0.53477,3.25041,0.14964,338.97961,-0.00606,0.1731,0.13377,-0.04287,0.99869,3,0.07648,0.44077,155,0.03906
721,24.03033,0.5385,3.14673,0.15363,342.98472,-0.00551,0.29255,0.0687,-0.01587,0.99888,5,0.08221,0.48319,155,0.03852
722,24.06366,0.54524,3.06977,0.14557,347.33213,-0.00491,0.2019,0.03569,-0.03015,0.99915,5,0.08289,0.46721,155,0.03795
723,24.09698,0.55868,2.96793,0.15173,350.08886,-0.00437,0.23331,-0.04642,-0.02453,0.99928,5,0.08738,0.46484,155,0.03772
724,24.13031,0.52257,2.86677,0.13371,349.47897,-0.00448,0.19052,0.01209,-0.02515,0.99923,4,0.0771,0.4436,155,0.0365
725,24.16364,0.52693,3.15321,0.13344,350.29669,-0.00451,0.22268,-0.10782,-0.01542,0.99958,4,0.07487,0.45183,155,0.03521
726,24.19697,0.51843,2.97541,0.13374,350.58236,-0.00477,0.42891,0.09522,0.00907,0.9987,3,0.05937,0.47253,155,0.03471
727,24.2303,0.53131,3.26456,0.13426,354.72396,-0.00438,0.18105,0.09074,-0.03539,0.9989,5,0.0817,0.43275,155,0.0355
728,24.26363,0.47134,2.98695,0.09581,355.20811,-0.00412,0.13775,0.15457,-0.02415,0.99887,4,0.06747,0.4036,155,0.03557
729,24.29696,0.39351,2.62735,0.05991,358.51657,-0.00398,0.03588,0.13171,-0.0221,0.99938,3,0.04785,0.36269,154,0.03645
730,24.33029,0.38221,1.98281,0.04498,354.70865,-0.0037,0.04372,0.26184,-0.02008,0.99882,2,0.03315,0.33515,154,0.03679
731,24.36362,0.37875,1.84903,0.0478,348.2323,-0.00403,0.10031,0.17404,-0.00839,0.9989,2,0.03022,0.32894,154,0.03596
732,24.39695,0.4404,1.99393,0.05416,339.53679,-0.00482,0.16784,0.10075,0.00119,0.99871,2,0.03184,0.35461,154,0.03661
733,24.43028,0.51442,2.1587,0.08545,334.06954,-0.00563,0.23221,0.07797,0.00146,0.99845,3,0.05413,0.38739,154,0.03607
734,24.46361,0.55236,2.36646,0.10132,333.31758,-0.00567,0.24477,0.08379,0.00033,0.9982,4,0.06576,0.38701,154,0.03795
735,24.49693,0.60175,2.38934,0.12086,328.10289,-0.00665,0.21916,0.05824,0.00336,0.99818,4,0.07834,0.40913,154,0.03806
736,24.53026,0.605,2.50995,0.09227,313.24437,-0.00635,0.04937,0.09024,0.00104,0.99825,4,0.07517,0.40095,154,0.03738
737,24.56359,0.63216,2.58797,0.11573,314.67406,-0.00655,0.21246,-0.02165,0.02676,0.99834,4,0.0764,0.4403,154,0.03944
738,24.59692,0.64974,2.97816,0.18237,324.38999,-0.00712,0.29507,0.04001,0.01208,0.99812,4,0.09836,0.46715,153,0.04012
739,24.63025,0.67232,3.06524,0.20342,317.77102,-0.00728,0.39086,0.0852,0.02052,0.9977,4,0.08004,0.48135,153,0.0394
740,24.66358,0.76351,3.66709,0.28858,317.62043,-0.00815,0.49801,0.00383,0.01616,0.99761,4,0.10081,0.50934,153,0.04073
741,24.69691,0.72578,3.41578,0.28244,324.48854,-0.00818,0.50814,0.2253,0.00248,0.99712,4,0.09575,0.49889,153,0.04155
742,24.73024,0.65915,3.02218,0.22202,332.01138,-0.00757,0.53324,0.20409,0.02047,0.99742,4,0.08371,0.49142,153,0.04263
743,24.76357,0.60305,2.70412,0.1815,335.723,-0.00728,0.49495,0.17869,0.01481,0.99774,3,0.07919,0.45216,153,0.04432
744,24.7969,0.61841,2.65133,0.19246,336.81535,-0.00736,0.46673,0.29849,0.00892,0.99722,3,0.08519,0.44878,153,0.04477
745,24.83023,0.59985,2.64157,0.1682,331.59636,-0.00708,0.48073,0.20464,0.01892,0.99758,3,0.07564,0.44384,152,0.0449
746,24.86356,0.58713,2.60229,0.15307,331.71629,-0.00632,0.2996,0.06622,-0.00343,0.99832,4,0.07884,0.43054,152,0.04417
747,24.89688,0.58711,2.79692,0.15108,327.89787,-0.00689,0.27547,0.23752,-0.03115,0.9978,3,0.07045,0.4158,152,0.04638
748,24.93021,0.57696,2.65415,0.14925,331.15,-0.00674,0.27415,0.08326,0.00132,0.99842,4,0.08628,0.43667,152,0.04527
749,24.96354,0.57976,2.69298,0.14607,330.89614,-0.00708,0.2038,0.11922,-0.00594,0.99824,4,0.09112,0.42947,152,0.04672
750,24.99687,0.56604,2.51569,0.10306,315.40854,-0.00647,0.09718,0.04667,0.00318,0.9986,3,0.07076,0.43333,152,0.04633
751,25.0302,0.56464,2.67848,0.10821,317.03046,-0.00666,0.23027,0.20173,0.00842,0.99804,2,0.06003,0.4275,152,0.04712
752,25.06353,0.57369,2.58525,0.08768,271.58863,-0.00653,0.25861,0.06611,0.04462,0.99825,2,0.05827,0.4484,151,0.04625
753,25.09686,0.57807,2.2387,0.08608,263.02221,-0.00588,0.08162,0.15589,0.02624,0.99802,2,0.05941,0.40903,151,0.04595
754,25.13019,0.60044,2.19733,0.10785,249.86283,-0.00559,0.08327,0.03756,0.02288,0.9984,2,0.06382,0.41198,151,0.04504
755,25.16352,0.62201,2.45485,0.12679,248.37667,-0.00584,0.20312,0.0983,0.04475,0.99792,2,0.06258,0.43039,151,0.04719
756,25.19685,0.61944,2.52598,0.12906,251.3402,-0.0061,0.26007,0.16781,0.04921,0.9976,2,0.04258,0.42097,150,0.04694
757,25.23018,0.63066,2.22839,0.12982,242.37033,-0.00543,0.47608,0.22837,0.10279,0.99712,1,0.00378,0.47225,150,0.0481
758,25.26351,0.57784,2.1078,0.12873,248.04821,-0.0057,-0.02073,0.09587,0.02412,0.9984,2,0.06079,0.3818,150,0.04837
759,25.29683,0.64524,2.5709,0.14989,250.89263,-0.00668,0.28042,0.14438,0.04317,0.99747,2,0.07492,0.42124,150,0.04783
760,25.33016,0.72053,2.8545,0.16406,258.30074,-0.00614,0.16767,-0.16885,0.04112,0.99839,3,0.09945,0.44627,150,0.04987
761,25.36349,0.77078,3.28817,0.1825,264.33642,-0.00655,0.09252,-0.0698,4e-05,0.99795,3,0.11703,0.44197,150,0.04969
762,25.39682,0.81568,3.78366,0.18771,260.22707,-0.00564,0.04148,-0.04377,-0.00916,0.9978,2,0.12636,0.44905,150,0.04943
763,25.43015,0.84918,3.75506,0.20329,249.45138,-0.00568,0.01639,-0.08567,0.00814,0.99764,2,0.13477,0.42187,150,0.05334
764,25.46348,0.92185,3.58682,0.21104,246.50035,-0.00544,-0.17435,-0.13323,-0.02053,0.99791,3,0.15733,0.44447,150,0.05394
765,25.49681,1.03885,4.11767,0.26945,241.03368,-0.00583,-0.26784,-0.1927,-0.00622,0.99794,2,0.16415,0.47852,149,0.05504
766,25.53014,1.09422,4.55205,0.31708,240.99975,-0.00699,-0.30649,-0.13963,-0.01064,0.99766,2,0.17012,0.49554,200,0.05577
767,25.56347,1.01119,4.35259,0.25975,238.31989,-0.0071,-0.11106,-0.03812,0.01918,0.99728,2,0.1818,0.49963,199,0.05712
768,25.5968,0.96341,3.96301,0.22839,236.48954,-0.006,-0.16525,-0.03542,0.00442,0.99773,1,0.195,0.49844,199,0.05856
769,25.63013,0.88249,4.83622,0.21544,237.09388,-0.00623,-0.06967,0.05625,0.02246,0.99748,2,0.17676,0.46626,199,0.06023
770,25.66346,0.81639,4.28348,0.20493,236.10374,-0.00548,-0.08883,0.08331,0.00891,0.99781,2,0.17193,0.4612,199,0.06158
771,25.69678,0.77125,4.17124,0.20035,235.20875,-0.00526,-0.12674,0.16278,-0.0044,0.99771,3,0.15575,0.4351,199,0.06305
772,25.73011,0.61365,3.39718,0.18922,239.85997,-0.00527,0.00335,0.28947,0.00779,0.99773,3,0.08374,0.40138,199,0.06431
773,25.76344,0.55594,2.7003,0.16085,245.07471,-0.00477,0.057,0.28763,-0.00289,0.99766,2,0.03462,0.36636,198,0.06568
774,25.79677,0.46965,2.631,0.09171,241.60832,-0.00364,0.0228,0.38096,-0.02463,0.99781,1,0.02504,0.35274,198,0.06662
775,25.8301,0.46069,2.57137,0.0593,149.0195,-0.00322,0.00523,0.2815,-0.01678,0.99815,1,0.03539,0.3443,198,0.06631
776,25.86343,0.47601,2.37175,0.06856,236.87133,-0.00323,0.02117,0.24536,-0.02116,0.99815,1,0.03473,0.32378,198,0.06608
777,25.89676,0.52801,2.93236,0.10641,291.00029,-0.00321,0.00193,0.13396,-0.02771,0.99838,1,0.04104,0.34125,198,0.06644
778,25.93009,0.59416,3.39676,0.1504,296.20498,-0.00334,0.05989,0.09046,-0.02592,0.99827,2,0.04721,0.37106,198,0.06571
779,25.96342,0.647,3.08728,0.16204,307.50284,-0.0034,0.2264,0.10083,-0.01262,0.998,2,0.03732,0.41799,198,0.06644
780,25.99675,0.71086,3.37497,0.18317,318.54397,-0.00365,0.10333,0.03184,-0.04539,0.99829,2,0.09901,0.45739,198,0.06393
781,26.03008,0.69319,3.15211,0.17493,328.62422,-0.00332,0.28127,0.09284,-0.01474,0.99829,3,0.05155,0.51848,197,0.06502
782,26.06341,0.6849,3.12499,0.17569,337.80749,-0.00231,0.08312,0.04023,-0.03771,0.99875,3,0.06337,0.52632,196,0.0648
783,26.09673,0.62671,3.08609,0.1573,349.32339,-0.00092,-0.03659,0.08997,-0.05003,0.99909,2,0.07665,0.51359,196,0.06539
784,26.13006,0.65566,3.0345,0.16879,358.70436,-2e-05,-0.22318,0.17029,-0.07482,0.9991,3,0.07954,0.53655,196,0.06348
785,26.16339,0.61383,2.73557,0.14766,3.12167,4e-05,-0.30653,0.26378,-0.07398,0.99912,3,0.07222,0.5004,195,0.06243
786,26.19672,0.64084,2.43164,0.13607,4.05133,0.00066,-0.55263,0.20515,-0.08591,0.99955,3,0.0568,0.44736,195,0.06194
787,26.23005,0.75443,3.34312,0.28507,212.11748,0.00047,-0.61028,0.02829,-0.09104,0.99948,3,0.08019,0.47019,195,0.06212
788,26.26338,0.81616,3.37767,0.36175,220.48074,-0.00048,-0.61911,0.07082,-0.07822,0.99907,2,0.11566,0.48743,195,0.06307
789,26.29671,0.93295,3.13688,0.46616,206.6627,-1e-05,-0.86473,-0.09469,-0.09881,0.99974,3,0.08856,0.49369,195,0.06169
790,26.33004,0.95425,3.27144,0.45254,195.87924,0.00046,-1.02103,0.01992,-0.10676,0.99969,2,0.11836,0.45171,194,0.06408
791,26.36337,1.05829,2.63542,0.52337,189.09843,0.00252,-1.35615,-0.03105,-0.11085,1.00048,2,0.0674,0.40943,194,0.06384
792,26.3967,1.11997,2.03893,0.63747,183.17221,0.00242,-1.50335,0.13051,-0.11454,1.00022,1,0.03652,0.33912,194,0.06405
793,26.43003,1.29302,2.24843,0.79632,181.61457,0.00401,-1.87457,-0.03389,-0.1342,1.00115,1,0.00996,0.24153,194,0.06372
794,26.46336,1.38306,3.34599,0.81949,180.574,0.00307,-1.95265,0.02838,-0.1378,1.00096,0,0.0,0.17928,194,0.06371
795,26.49668,1.40184,2.07184,0.88675,179.11669,0.00256,-1.90395,0.03898,-0.1238,1.0009,0,0.0,0.15261,194,0.065
796,26.53001,1.41615,2.00506,0.95849,177.9471,0.00278,-1.92401,-0.04729,-0.11694,1.00131,0,0.0,0.15591,194,0.06496
797,26.56334,1.2709,1.79708,0.93388,177.72248,0.00273,-1.77624,-0.07763,-0.11262,1.00134,0,0.0,0.16609,192,0.06584
798,26.59667,1.21087,1.79286,0.86979,174.66908,0.003,-1.64343,0.00201,-0.09835,1.00116,0,0.0,0.15623,192,0.06519
799,26.63,0.70196,1.50173,0.07437,146.37008,0.00275,-1.09469,-0.01195,-0.08954,1.00137,0,0.0,0.244,192,0.06493
800,26.66333,0.533,1.62284,0.06945,138.82551,0.00269,-0.78714,0.02587,-0.0666,1.00112,1,0.00913,0.23849,192,0.06545
801,26.69666,0.3828,1.70121,0.04663,126.83714,0.00205,-0.27869,0.15818,-0.0476,1.00055,1,0.01372,0.30759,191,0.06579
802,26.72999,0.45637,2.20982,0.09334,123.38191,0.00306,-0.22346,0.10737,-0.03505,1.00086,2,0.05854,0.34963,191,0.06589
803,26.76332,0.63527,2.48315,0.10836,100.93289,0.0019,0.16439,0.22429,-0.03646,1.00038,2,0.07401,0.43022,191,0.06603
804,26.79665,0.84871,2.9026,0.24366,63.94116,0.00443,0.22271,0.01201,-0.01151,1.00165,2,0.09126,0.47828,191,0.06577
805,26.82998,0.8466,2.79973,0.27031,49.82445,0.00365,0.33305,-0.06177,-0.00987,1.00145,2,0.08438,0.4989,191,0.06557
806,26.86331,0.93187,2.6793,0.50857,19.05579,0.0035,0.47315,-0.19786,-0.00792,1.00166,1,0.07182,0.5316,191,0.06614
807,26.89663,0.94918,2.67138,0.51306,27.27617,0.00363,0.41537,-0.2656,-0.00124,1.00209,1,0.0852,0.58429,190,0.06317
808,26.92996,0.99108,4.0315,0.53806,31.45145,0.00439,0.35828,-0.21572,-0.00982,1.002,2,0.09623,0.67863,190,0.06352
809,26.96329,0.98362,3.86999,0.46248,48.16481,0.00519,0.15325,-0.23195,-0.01915,1.00215,1,0.08464,0.74771,190,0.06395
810,26.99662,0.94683,4.49204,0.322,101.63454,0.00467,0.13538,-0.17659,-0.01688,1.0016,1,0.11058,0.78807,190,0.06433
811,27.02995,0.93769,4.47433,0.2416,134.23774,0.00468,-0.75382,-0.51265,-0.12253,1.00368,1,0.00724,1.007,190,0.06451
812,27.06328,0.97204,4.92542,0.23896,138.02968,0.0059,-0.3354,-0.37998,-0.0217,1.0028,1,0.0847,0.8721,187,0.06386
813,27.09661,0.96857,5.01413,0.22724,138.7952,0.00581,-0.28641,-0.34319,-0.01139,1.00274,1,0.10598,0.84178,186,0.06363
814,27.12994,0.9619,5.09973,0.22992,136.35001,0.00754,-0.50302,-0.29553,-0.06832,1.00271,1,0.08323,0.89923,185,0.06238
815,27.16327,0.95835,4.88297,0.23029,133.16617,0.00792,-0.64557,-0.30989,-0.09135,1.0031,1,0.06433,0.89499,185,0.06123
816,27.1966,0.87427,4.88111,0.20372,134.44829,0.00824,-0.83367,-0.46975,-0.09818,1.00358,2,0.04046,0.87505,185,0.06067
817,27.22993,0.80684,4.58129,0.17129,140.83408,0.00737,-1.10692,-0.49107,-0.16832,1.00358,2,0.02882,0.95835,183,0.06162
818,27.26326,0.77985,3.80059,0.17156,148.42061,0.00732,-1.21713,-0.50931,-0.16998,1.00338,0,0.0,0.97946,183,0.06254
819,27.29658,0.74689,3.97392,0.17116,155.1356,0.00646,-1.18589,-0.57462,-0.15596,1.00343,2,0.00617,0.95251,183,0.06259
820,27.32991,0.69997,3.91856,0.1766,162.33874,0.00547,-1.16037,-0.532,-0.13915,1.00292,1,0.00366,0.91869,183,0.06203
821,27.36324,0.68484,4.23512,0.17232,165.41508,0.00516,-0.19345,-0.45308,0.02136,1.00168,2,0.14456,0.61156,181,0.06175
822,27.39657,0.64798,3.83314,0.16812,166.35486,0.00513,-1.05235,-0.61594,-0.12137,1.00294,3,0.01383,0.83869,181,0.06243
823,27.4299,0.59064,3.40694,0.1553,164.57542,0.00496,-0.89389,-0.63125,-0.10129,1.00298,2,0.02749,0.74371,181,0.06308
824,27.46323,0.56436,2.80222,0.12568,158.08367,0.00494,-0.80653,-0.60911,-0.09684,1.0029,3,0.02298,0.68735,181,0.06261
825,27.49656,0.54598,2.50107,0.11388,155.31685,0.005,-0.27394,-0.56483,-0.0002,1.00226,1,0.11521,0.48268,178,0.06307
826,27.52989,0.51604,2.17648,0.10086,157.08451,0.00426,-0.17128,-0.68454,0.01206,1.00233,1,0.09845,0.44997,178,0.06355
827,27.56322,0.52999,2.34839,0.1016,156.54689,0.00472,-0.18677,-0.73442,0.01329,1.00245,1,0.09083,0.43854,178,0.06186
828,27.59655,0.51464,2.20939,0.09578,158.49824,0.00436,-0.03722,-0.64472,0.0317,1.00187,1,0.09319,0.40043,177,0.0623
829,27.62988,0.49938,2.21912,0.09677,161.24731,0.00455,0.04768,-0.54955,0.04727,1.00148,1,0.08783,0.36527,176,0.0622
830,27.66321,0.5295,2.18346,0.10318,167.8257,0.00432,-0.21055,-0.82639,0.02709,1.00252,1,0.07684,0.44192,175,0.06268
831,27.69653,0.52014,2.17009,0.09924,168.50507,0.00433,-0.19422,-0.81997,0.02327,1.00233,1,0.07299,0.44126,174,0.06239
832,27.72986,0.50339,2.1718,0.08798,160.63192,0.00467,-0.14698,-0.77141,0.02585,1.00249,1,0.08176,0.40591,173,0.06251
833,27.76319,0.49715,2.07786,0.08891,154.20878,0.00496,-0.31569,-0.80329,-0.00735,1.00294,2,0.04653,0.44738,172,0.06258
834,27.79652,0.49552,2.10081,0.08818,145.81364,0.00519,-0.31994,-0.77338,-0.01735,1.00297,1,0.04439,0.43299,172,0.06127
835,27.82985,0.49942,2.15057,0.08955,138.44733,0.00534,-0.27678,-0.77663,-0.01031,1.00295,2,0.0452,0.4216,172,0.06077
836,27.86318,0.50075,1.99292,0.08895,130.9673,0.00548,-0.20886,-0.78569,-0.00146,1.00285,1,0.05452,0.3928,172,0.06064
837,27.89651,0.49758,2.07877,0.08076,121.49002,0.00491,0.086,-0.56536,0.02523,1.00192,1,0.07259,0.32947,171,0.06059
838,27.92984,0.53416,2.19353,0.09395,114.84091,0.00543,0.01471,-0.62571,0.01208,1.00228,1,0.08374,0.351,170,0.06003
839,27.96317,0.59457,2.73482,0.11269,105.83816,0.0064,0.03917,-0.59887,0.01755,1.00257,1,0.08672,0.35763,168,0.05907
840,27.9965,0.62908,3.36402,0.13746,97.05971,0.00661,-0.04377,-0.57121,-0.01374,1.00274,1,0.10045,0.40774,168,0.05862
841,28.02983,0.66287,3.61536,0.15214,93.23015,0.00784,-0.07562,-0.51581,-0.01057,1.00271,1,0.10766,0.41683,168,0.05709
842,28.06316,0.67877,4.18763,0.14849,91.7988,0.00789,0.08073,-0.42742,-0.00142,1.00222,1,0.1128,0.39998,167,0.05585
843,28.09648,0.77202,4.12029,0.17695,84.32971,0.00953,0.03221,-0.40415,-0.008,1.00243,1,0.11973,0.46338,167,0.05536
844,28.12981,0.89542,5.03753,0.20416,78.49859,0.01108,-0.12786,-0.463,-0.02803,1.00347,2,0.13638,0.53403,167,0.0536
845,28.16314,0.91539,3.65032,0.21036,74.65955,0.01171,-0.02038,-0.5095,-0.00684,1.00352,2,0.14147,0.5021,167,0.05244
846,28.19647,0.87777,3.43696,0.19693,77.80614,0.0116,-0.1224,-0.47494,-0.01302,1.00349,2,0.13105,0.50185,167,0.05069
847,28.2298,0.86072,3.62292,0.18831,79.26273,0.01118,-0.14487,-0.43186,-0.01621,1.00336,2,0.13113,0.52366,167,0.05023
848,28.26313,0.88615,3.73557,0.18629,79.15756,0.01191,-0.07198,-0.42444,-0.00769,1.00321,2,0.1427,0.52681,163,0.04924
849,28.29646,0.8341,3.76135,0.19818,92.05362,0.01206,-0.09827,-0.51146,0.01167,1.00324,3,0.13761,0.52107,163,0.04871
850,28.32979,0.79637,3.8189,0.188,100.34102,0.0117,-0.69842,-0.55545,-0.08705,1.00383,1,0.06791,0.64731,162,0.04785
851,28.36312,0.70124,3.39208,0.1357,111.64212,0.00978,-0.36999,-0.40319,-0.05526,1.00268,1,0.07981,0.55985,162,0.04835
852,28.39645,0.66526,3.35057,0.12945,117.83944,0.0098,-0.46936,-0.55785,-0.0553,1.00306,1,0.07232,0.55933,162,0.04738
853,28.42978,0.6614,3.18362,0.12105,122.7914,0.0094,-0.19729,-0.59754,0.00519,1.00285,2,0.08177,0.46977,160,0.04746
854,28.46311,0.66426,3.00927,0.11012,123.37469,0.00865,-0.04714,-0.59959,0.0189,1.00263,2,0.08287,0.43478,159,0.04746
855,28.49643,0.68401,2.96402,0.12983,117.13825,0.0086,0.03283,-0.61188,0.02596,1.00252,2,0.08033,0.43294,159,0.04741
856,28.52976,0.68241,3.13967,0.12653,120.09756,0.00822,-0.01482,-0.62647,0.02041,1.00271,2,0.07821,0.44351,159,0.04681
857,28.56309,0.71235,3.12454,0.15404,112.65118,0.00846,0.01391,-0.57891,0.02416,1.00252,2,0.07163,0.46593,159,0.04628
858,28.59642,0.67284,2.93257,0.12558,123.52732,0.0079,0.10505,-0.45227,0.02186,1.00202,2,0.07704,0.45377,158,0.04593
859,28.62975,0.68863,2.85332,0.13671,113.596,0.00777,0.15877,-0.60828,0.04089,1.00224,2,0.07104,0.45139,157,0.04593
860,28.66308,0.70477,2.75084,0.13474,114.03863,0.00719,0.26395,-0.54667,0.04075,1.00196,2,0.06772,0.456,157,0.04478
861,28.69641,0.73621,2.8734,0.17737,66.33672,0.00708,0.3703,-0.46797,0.03152,1.00159,3,0.08301,0.47098,157,0.04531
862,28.72974,0.87333,2.722,0.33306,9.97281,0.00718,0.69395,-0.39771,0.05534,1.00137,3,0.07617,0.47508,156,0.04431
863,28.76307,0.88009,3.04021,0.34533,8.3628,0.00766,0.58852,-0.48997,0.0383,1.00172,2,0.09221,0.49218,155,0.044
864,28.7964,0.86587,3.04196,0.32363,11.38032,0.00761,0.50672,-0.59928,0.03846,1.0022,2,0.10443,0.49262,155,0.04395
865,28.82973,0.94243,3.10863,0.44612,358.65322,0.00801,0.66244,-0.52196,0.03573,1.00178,2,0.10462,0.51549,155,0.0422
866,28.86306,0.92608,3.26825,0.38614,359.99557,0.00788,0.64313,-0.60402,0.04741,1.00188,2,0.10529,0.52428,155,0.04296
867,28.89638,0.90268,3.62528,0.31167,25.13115,0.00873,0.44733,-0.62276,0.04138,1.00218,2,0.10309,0.56491,155,0.04423
868,28.92971,0.91314,4.05874,0.2875,91.58319,0.00921,0.52011,-0.483,0.04952,1.00166,2,0.10119,0.60771,155,0.04465
869,28.96304,0.9382,4.44582,0.28232,124.01716,0.01053,0.26416,-0.62517,0.06722,1.00246,3,0.08443,0.66454,154,0.04451
870,28.99637,0.93237,4.84097,0.25655,130.99063,0.01127,0.18978,-0.43523,0.04242,1.00207,2,0.09413,0.68994,154,0.04379
871,29.0297,0.92764,4.71026,0.26896,131.33816,0.0105,0.27834,-0.49406,0.0503,1.00217,2,0.10454,0.66333,154,0.04487
872,29.06303,0.91595,4.45852,0.27227,128.41228,0.01072,0.5168,-0.52367,0.06007,1.0019,4,0.12904,0.61912,153,0.04509
873,29.09636,0.91592,4.69353,0.26146,128.81205,0.01049,0.46409,-0.5823,0.07145,1.00209,4,0.10833,0.60127,153,0.04643
874,29.12969,0.89278,4.50877,0.25217,135.99137,0.00978,0.35142,-0.63917,0.0568,1.00238,4,0.13435,0.5868,153,0.04631
875,29.16302,0.88792,4.65718,0.25234,141.5801,0.01076,0.41696,-0.66114,0.15302,1.00242,1,0.04997,0.62842,152,0.04714
876,29.19635,0.85811,5.02869,0.23401,144.18782,0.00994,0.32781,-0.50838,0.08424,1.0021,4,0.11815,0.59745,151,0.04723
877,29.22968,0.85415,5.0196,0.24894,146.39078,0.00998,0.21878,-0.52142,0.04777,1.00219,3,0.21608,0.60345,150,0.04712
878,29.26301,0.81576,5.01148,0.23462,153.86174,0.00974,-0.11791,-0.89992,0.06498,1.00339,4,0.15806,0.61069,149,0.04574
879,29.29633,0.7407,4.96834,0.23502,159.4304,0.00884,-0.03699,-0.68551,0.08937,1.00235,5,0.14318,0.55008,148,0.04598
880,29.32966,0.73362,5.17759,0.22982,166.15296,0.00877,0.0372,-0.90668,0.16271,1.00255,2,0.05152,0.5292,147,0.04488
881,29.36299,0.7335,4.7196,0.23429,172.7421,0.00783,-0.11435,-0.87391,0.1135,1.00232,3,0.08782,0.49708,200,0.04539
882,29.39632,0.70666,4.41145,0.2317,173.75329,0.00739,-0.26663,-0.76091,0.07647,1.00205,4,0.10985,0.47506,199,0.04584
883,29.42965,0.67518,4.44614,0.22342,173.85574,0.0071,-0.11859,-0.6415,0.08811,1.00174,3,0.12267,0.43951,197,0.04485
884,29.46298,0.76919,3.86294,0.22669,178.15111,0.00703,-1.29929,-1.61687,-0.02015,1.00541,1,0.03254,0.73873,195,0.04516
885,29.49631,0.77671,3.99214,0.21828,183.88261,0.00607,-0.6978,-1.45241,0.05865,1.00414,1,0.04617,0.5352,195,0.04676
886,29.52964,0.73775,3.84287,0.2034,183.54889,0.00642,-0.25857,-1.04515,0.07641,1.00248,2,0.0734,0.38525,194,0.04618
887,29.56297,0.74616,3.55668,0.22515,179.49488,0.00674,-0.37145,-1.03942,0.09466,1.00283,2,0.06685,0.36246,194,0.04623
888,29.5963,0.69773,3.3508,0.21513,179.47289,0.00612,-0.40434,-1.05898,0.1116,1.00294,2,0.04839,0.36457,191,0.04528
889,29.62963,0.67376,3.35209,0.21061,176.90867,0.00633,-0.4116,-1.11231,0.10764,1.00327,2,0.05104,0.3702,190,0.04503
890,29.66296,0.67379,3.25967,0.21354,174.41962,0.0067,-0.38616,-1.02879,0.1077,1.00304,2,0.05165,0.34422,190,0.04615
891,29.69628,0.69643,3.72184,0.21552,171.01845,0.00707,-0.50448,-0.94748,0.08334,1.00293,2,0.05644,0.33247,186,0.04388
892,29.72961,0.68896,3.99803,0.21186,168.39984,0.00698,-0.50083,-0.9113,0.08006,1.00289,2,0.0591,0.33807,185,0.04251
893,29.76294,0.71929,3.99593,0.22573,164.11995,0.00788,-0.56753,-0.83804,0.08287,1.00293,2,0.06313,0.3507,184,0.04211
894,29.79627,0.77657,4.03804,0.23061,158.9821,0.0081,-0.6564,-0.76631,0.07069,1.00284,2,0.07379,0.36305,183,0.04119
895,29.8296,0.82506,4.16097,0.24141,154.20798,0.00895,-0.64612,-0.68296,0.07458,1.00281,2,0.0795,0.35017,182,0.03895
896,29.86293,0.76663,4.23836,0.22769,147.61457,0.00856,-0.7213,-0.68842,0.0549,1.00307,2,0.07521,0.37652,181,0.03855
897,29.89626,0.72555,4.37964,0.22285,140.94659,0.00819,-0.53672,-0.53875,0.06503,1.00252,2,0.09156,0.36231,179,0.03548
898,29.92959,0.75436,4.38251,0.22439,135.5657,0.00878,-0.63349,-0.53768,0.04759,1.00295,2,0.08458,0.36631,177,0.0346
899,29.96292,0.69728,4.39808,0.20969,133.42474,0.00967,-0.44947,-0.53234,0.05681,1.00273,2,0.09521,0.34624,174,0.03242
